Product_SKU,Product_Description,Product_Category,GST
GGOENEBJ079499,Nest Learning Thermostat 3rd Gen-USA - Stainless Steel,Nest-USA,0.1
GGOEGFKQ020399,Google Laptop and Cell Phone Stickers,Office,0.1
GGOEGAAB010516,Google Men's 100% Cotton Short Sleeve Hero Tee Black,Apparel,0.18
GGOEGBJL013999,Google Canvas Tote Natural/Navy,Bags,0.18
GGOEGBMJ013399,Sport Bag,Bags,0.18
GGOEGDHC018299,Google 22 oz Water Bottle,Drinkware,0.18
GGOEGDHG014499,Google Infuser-Top Water Bottle,Drinkware,0.18
GGOEGDWC020199,Engraved Ceramic Google Mug,Drinkware,0.18
GGOEGGOA017399,Maze Pen,Office,0.1
GGOEGOFH020299,Galaxy Screen Cleaning Cloth,Office,0.1
GGOEGOXQ016399,Badge Holder,Office,0.1
GGOEYAAB031816,YouTube Men's Short Sleeve Hero Tee Black,Apparel,0.18
GGOENEBQ078999,Nest Cam Outdoor Security Camera - USA,Nest-USA,0.1
GGOENEBQ079199,Nest Protect Smoke + CO White Wired Alarm-USA,Nest-USA,0.1
GGOEGAAR010714,Google Men's 100% Cotton Short Sleeve Hero Tee Red,Apparel,0.18
GGOEGAEQ027913,Google Women's Short Sleeve Hero Tee White,Apparel,0.18
GGOEGDWR015799,Red Shine 15 oz Mug,Drinkware,0.18
GGOEGFQB013799,Compact Selfie Stick,Lifestyle,0.18
GGOEGOAQ012899,Ballpoint LED Light Pen,Office,0.1
GGOEGOAR021999,Color Changing Grip Pen,Office,0.1
GGOEGOBG023599,Colored Pencil Set,Office,0.1
GGOEGOLC013299,Spiral Notebook and Pen Set,Office,0.1
GGOENEBB078899,Nest Cam Indoor Security Camera - USA,Nest-USA,0.1
GGOEAFKQ020599,Android Sticker Sheet Ultra Removable,Office,0.1
GGOEGDHC015299,23 oz Wide Mouth Sport Bottle,Drinkware,0.18
GGOEYFKQ020699,YouTube Custom Decals,Office,0.1
GGOEYOCR078099,YouTube Spiral Journal with Pen,Notebooks & Journals,0.05
GGOEGATB060415,Google Women's Quilted Insulated Vest Black,Apparel,0.18
GGOEGDHC074099,Google 17oz Stainless Steel Sport Bottle,Drinkware,0.18
GGOEGAAJ080615,Google Men's Bike Short Sleeve Tee Charcoal,Apparel,0.18
GGOEGAAL010615,Google Men's 100% Cotton Short Sleeve Hero Tee Navy,Apparel,0.18
GGOEGAEB027814,Google Women's Short Sleeve Hero Tee Black,Apparel,0.18
GGOEGAEC029114,Google Women's Short Sleeve Hero Tee Sky Blue,Apparel,0.18
GGOEGAER029714,Google Women's Short Sleeve Hero Tee Red Heather,Apparel,0.18
GGOEGAFJ036214,Google Men's Pullover Hoodie Grey,Apparel,0.18
GGOEGAYC068324,Google Youth Short Sleeve T-shirt Royal Blue,Apparel,0.18
GGOEGAYH068425,Google Youth Short Sleeve T-shirt Green,Apparel,0.18
GGOEGBJR018199,Reusable Shopping Bag,Bags,0.18
GGOEGFSR022099,Google Kick Ball,Lifestyle,0.18
GGOEGHPA003010,Google Wool Heather Cap Heather/Navy,Headgear,0.05
GGOEGKAA019299,Switch Tone Color Crayon Pen,Office,0.1
GGOEGPJC019099,7&quot; Dog Frisbee,Lifestyle,0.18
GGOEGPJR018999,7&quot; Dog Frisbee,Lifestyle,0.18
GGOEGAAJ073414,Google Men's Short Sleeve Hero Tee Heather,Apparel,0.18
GGOEWEBB082699,Waze Mobile Phone Vent Mount,Waze,0.18
GGOENEBQ079099,Nest Protect Smoke + CO White Battery Alarm-USA,Nest-USA,0.1
GGOEADHB014799,Android Glass Water Bottle with Black Sleeve,Drinkware,0.18
GGOEADWQ015699,Android Rise 14 oz Mug,Drinkware,0.18
GGOEGAPB058615,Google Women's Yoga Jacket Black,Apparel,0.18
GGOEGBJC019999,Collapsible Shopping Bag,Bags,0.18
GGOEGHPA002910,Google Trucker Hat,Headgear,0.05
GGOEYOBR078599,YouTube Luggage Tag,Fun,0.18
GGOEGAAB010517,Google Men's 100% Cotton Short Sleeve Hero Tee Black,Apparel,0.18
GGOEYAFB073115,YouTube Men's Fleece Hoodie Black,Apparel,0.18
GGOEGAAJ073415,Google Men's Short Sleeve Hero Tee Heather,Apparel,0.18
GGOEGAPB058214,Google Women's Lightweight Microfleece Jacket,Apparel,0.18
GGOEGHPJ080110,Google 5-Panel Cap,Headgear,0.05
GGOEAKDH019899,Windup Android,Lifestyle,0.18
GGOENEBJ081899,Nest Learning Thermostat 3rd Gen - CA - Stainless Steel,Nest-Canada,0.1
GGOENEBQ081699,Nest Protect Smoke + CO White Battery Alarm - CA,Nest-Canada,0.1
GGOEGBRD079699,25L Classic Rucksack,Backpacks,0.1
GGOEGBRJ037299,Google Alpine Style Backpack,Bags,0.18
GGOEGFKA022299,Keyboard DOT Sticker,Office,0.1
GGOEGHPJ080010,Google French Terry Cap,Headgear,0.05
GGOENEBQ081799,Nest Protect Smoke + CO White Wired Alarm - CA,Nest-Canada,0.1
GGOEGOAB021499,Metal Texture Roller Pen,Office,0.1
GGOEGALP036317,Google Women's Long Sleeve Tee Lavender,Apparel,0.18
GGOEGADB057316,Google Men's Lightweight Microfleece Jacket Black,Apparel,0.18
GGOENEBB081499,Nest Cam Indoor Security Camera - CA,Nest-Canada,0.1
GGOEGAEC033115,Google Men's Long Sleeve Raglan Ocean Blue,Apparel,0.18
GGOEGDHB071999,Google 40 oz Insulated Monster Bottle,Drinkware,0.18
GGOEGOCC017599,Recycled Paper Journal Set,Office,0.1
GGOEGOCR017899,Recycled Paper Journal Set,Office,0.1
GGOEGFKQ020799,Google Doodle Decal,Office,0.1
GGOEGOAQ018099,Pen Pencil & Highlighter Set,Office,0.1
GGOEGPJC203399,Crunch Noise Dog Toy,Lifestyle,0.18
GGOEGPXC023299,Google Collapsible Pet Bowl,Lifestyle,0.18
GGOEGAEC033114,Google Men's Long Sleeve Raglan Ocean Blue,Apparel,0.18
GGOEGALJ036417,Google Women's Tee Grey,Apparel,0.18
GGOEGAWR061050,Google Onesie Red/Graphite,Apparel,0.18
GGOEGAXC065655,Google Toddler Hoodie Royal Blue,Apparel,0.18
GGOEGAXJ065728,Google Toddler 1/4 Zip Fleece Pewter,Apparel,0.18
GGOEGAXJ065755,Google Toddler 1/4 Zip Fleece Pewter,Apparel,0.18
GGOEGAXL065928,Google Toddler Raglan Shirt Blue Heather/Navy,Apparel,0.18
GGOEGAXL065955,Google Toddler Raglan Shirt Blue Heather/Navy,Apparel,0.18
GGOEAAWC062450,Android Infant Short Sleeve Tee Aqua,Apparel,0.18
GGOEGAAJ080614,Google Men's Bike Short Sleeve Tee Charcoal,Apparel,0.18
GGOEGALQ034214,Google Women's Vintage Hero Tee White,Apparel,0.18
GGOEGDHQ015399,26 oz Double Wall Insulated Bottle,Drinkware,0.18
GGOEGOBC078699,Google Luggage Tag,Fun,0.18
GGOEAAAB034914,Android BTTF Moonshot Graphic Tee,Apparel,0.18
GGOEAAAJ032414,Android Men's Short Sleeve Tri-blend Hero Tee Grey,Apparel,0.18
GGOEGAAR010715,Google Men's 100% Cotton Short Sleeve Hero Tee Red,Apparel,0.18
GGOEGAWC062849,Google Infant Zip Hood Royal Blue,Apparel,0.18
GGOEGHPB071610,Google Twill Cap,Apparel,0.18
GGOEWFKA083299,Waze Mood Ninja Window Decal,Waze,0.18
GGOEAOBH078799,Android Luggage Tag,Fun,0.18
GGOEYHPB072210,YouTube Twill Cap,Apparel,0.18
GGOEYAQB073215,YouTube Women's Fleece Hoodie Black,Apparel,0.18
GGOEGBMB073799,Google Zipper-front Sports Bag,Bags,0.18
GGOEGDHG082499,Google 25 oz Clear Stainless Steel Bottle,Google,0.1
GGOEGHGH019699,Google Sunglasses,Lifestyle,0.18
GGOEGHGT019599,Google Sunglasses,Lifestyle,0.18
GGOEYAFB073114,YouTube Men's Fleece Hoodie Black,Apparel,0.18
GGOEGADJ059714,Google Men's Quilted Insulated Vest Battleship Grey,Apparel,0.18
GGOEYAEJ033516,YouTube Men's Long Sleeve Pullover Badge Tee Heather,Apparel,0.18
GGOEGADJ059413,Google Men's Microfiber 1/4 Zip Pullover Grey/Black,Apparel,0.18
GGOEGALL074615,Google Women's Short Sleeve Badge Tee Navy,Apparel,0.18
GGOEGAXC065255,Google Toddler Short Sleeve T-shirt Royal Blue,Apparel,0.18
GGOEGAXH065330,Google Toddler Short Sleeve T-shirt Green,Apparel,0.18
GGOEAHPJ004314,Android Stretch Fit Hat M/L,Headgear,0.05
GGOEYDHJ019399,24 oz YouTube Sergeant Stripe Bottle,Drinkware,0.18
GGOEYOLR018699,YouTube Leatherette Notebook Combo,Office,0.1
GGOEGHGC019799,Google Sunglasses,Lifestyle,0.18
GGOEAFKQ020499,8 pc Android Sticker Sheet,Office,0.1
GGOEGAEB027815,Google Women's Short Sleeve Hero Tee Black,Apparel,0.18
GGOEGAEQ027914,Google Women's Short Sleeve Hero Tee White,Apparel,0.18
GGOEGBRC021399,Yoga Mat Blue,Lifestyle,0.18
GGOEGHPJ080310,Google Blackout Cap,Headgear,0.05
GGOEGFYQ016599,Foam Can and Bottle Cooler,Drinkware,0.18
GGOEGDHQ014899,20 oz Stainless Steel Insulated Tumbler,Drinkware,0.18
GGOEGOCB017499,Leatherette Journal,Office,0.1
GGOEAAAJ032416,Android Men's Short Sleeve Tri-blend Hero Tee Grey,Apparel,0.18
GGOEAAAJ034516,Android Men's Vintage Tee,Apparel,0.18
GGOEGAAJ059116,Google Men's Short Sleeve Performance Badge Tee Pewter,Apparel,0.18
GGOEGAAQ033916,Google Men's Vintage Badge Tee White,Apparel,0.18
GGOEGAFJ036216,Google Men's Pullover Hoodie Grey,Apparel,0.18
GGOEGCNB021099,Seat Pack Organizer,Lifestyle,0.18
GGOEGHGR019499,Google Sunglasses,Lifestyle,0.18
GGOEGDHR018499,Google 22 oz Water Bottle,Drinkware,0.18
GGOEGOAR021899,Retractable Ballpoint Pen Red,Office,0.1
GGOEGBPB021199,Google Slim Utility Travel Bag,Bags,0.18
GGOEGOCT019199,Red Spiral Google Notebook,Office,0.1
GGOEGOCC077299,Google RFID Journal,Notebooks & Journals,0.05
GGOEADHH055999,22 oz Android Bottle,Bottles,0.05
GGOEGCMB020932,Suitcase Organizer Cubes,Bags,0.18
GGOEWAAJ082815,Waze Men's Short Sleeve Tee,Waze,0.18
GGOEWFKA083199,Waze Mood Original Window Decal,Waze,0.18
GGOEGALJ034413,Google Women's Vintage Hero Tee Platinum,Apparel,0.18
GGOEGCBN016899,Google Pet Feeding Mat,Lifestyle,0.18
GGOEGAAJ032616,Google Men's Short Sleeve Badge Tee Charcoal,Apparel,0.18
GGOEGADC059516,Google Men's Microfiber 1/4 Zip Pullover Blue/Indigo,Apparel,0.18
GGOEGAEC033116,Google Men's Long Sleeve Raglan Ocean Blue,Apparel,0.18
GGOEGAER029215,Google Women's Short Sleeve Badge Tee Red Heather,Apparel,0.18
GGOEGAFB035816,Google Men's  Zip Hoodie,Apparel,0.18
GGOEGATC060314,Google Women's 1/4 Zip Performance Pullover Two-Tone Blue,Apparel,0.18
GGOEGAPB057814,Women's Performance Full Zip Jacket Black,Apparel,0.18
GGOEGAQJ058714,Google Women's Zip Hoodie Grey,Apparel,0.18
GGOEGOAA017199,Rubber Grip Ballpoint Pen 4 Pack,Office,0.1
GGOEGAAQ010417,Google Men's 100% Cotton Short Sleeve Hero Tee White,Apparel,0.18
GGOEGBCR024399,Google Lunch Bag,Bags,0.18
GGOEGDHB072099,Google Insulated Stainless Steel Bottle,Drinkware,0.18
GGOEGGCX056499,Gift Card - $50.00,Gift Cards,0.05
GGOENEBB079299,Nest Protect Smoke + CO Black Battery Alarm-USA,Nest-USA,0.1
GGOEGDHB072199,Google Accent Insulated Stainless Steel Bottle,Drinkware,0.18
GGOEGOLC014299,Google Metallic Notebook Set,Office,0.1
GGOEGBRA037499,Waterproof Backpack,Bags,0.18
GGOEGAAJ080616,Google Men's Bike Short Sleeve Tee Charcoal,Apparel,0.18
GGOEGADB057315,Google Men's Lightweight Microfleece Jacket Black,Apparel,0.18
GGOEGADB059215,Google Men's Airflow 1/4 Zip Pullover Black,Apparel,0.18
GGOEGADJ057115,Google Men's Performance 1/4 Zip Pullover Heather/Black,Apparel,0.18
GGOEGADJ059715,Google Men's Quilted Insulated Vest Battleship Grey,Apparel,0.18
GGOEGBMB073599,Google Collapsible Duffel Black,More Bags,0.18
GGOEGOAQ015999,Gel Roller Pen,Office,0.1
GGOEGADB059615,Google Men's Quilted Insulated Vest Black,Apparel,0.18
GGOEGAWH061353,Google Onesie Green,Apparel,0.18
GGOENEBQ081599,Nest Cam Outdoor Security Camera - CA,Nest-Canada,0.1
GGOEGAEJ031315,Google Tri-blend Hoodie Grey,Apparel,0.18
GGOEGAFB035815,Google Men's  Zip Hoodie,Apparel,0.18
GGOEGAAB058913,Google Men's Short Sleeve Performance Badge Tee Black,Apparel,0.18
GGOEGAAJ032613,Google Men's Short Sleeve Badge Tee Charcoal,Apparel,0.18
GGOEGADJ056813,Google Men's Watershed Full Zip Hoodie Grey,Apparel,0.18
GGOEGAEC033113,Google Men's Long Sleeve Raglan Ocean Blue,Apparel,0.18
GGOEGCKQ013199,1 oz Hand Sanitizer,Lifestyle,0.18
GGOEGAAQ010414,Google Men's 100% Cotton Short Sleeve Hero Tee White,Apparel,0.18
GGOEGAAQ010415,Google Men's 100% Cotton Short Sleeve Hero Tee White,Apparel,0.18
GGOEGADC059515,Google Men's Microfiber 1/4 Zip Pullover Blue/Indigo,Apparel,0.18
GGOEGOAA017099,Ballpoint Stick Pen 4 Pack,Office,0.1
GGOEGAQB036015,Google Women's Fleece Hoodie,Apparel,0.18
GGOEGATB060413,Google Women's Quilted Insulated Vest Black,Apparel,0.18
GGOEGATC060313,Google Women's 1/4 Zip Performance Pullover Two-Tone Blue,Apparel,0.18
GGOEGBFC018799,Electronics Accessory Pouch,Bags,0.18
GGOEGBJC014399,Google Tote Bag,Bags,0.18
GGOEGCLB020832,Softsided Travel Pouch Set,Bags,0.18
GGOEGOAB021699,Google Ballpoint Pen Black,Office,0.1
GGOEGOAR013599,Ballpoint Stylus Pen,Office,0.1
GGOEGADJ059416,Google Men's Microfiber 1/4 Zip Pullover Grey/Black,Apparel,0.18
GGOEGAER029213,Google Women's Short Sleeve Badge Tee Red Heather,Apparel,0.18
GGOEAAXC066430,Android Toddler Short Sleeve T-shirt Aqua,Apparel,0.18
GGOEAAXN066330,Android Toddler Short Sleeve T-shirt Pink,Apparel,0.18
GGOEGOAQ020099,Four Color Retractable Pen,Office,0.1
GGOEAAEB031215,Android Heavyweight Long Sleeve Badge Tee Black,Apparel,0.18
GGOEADHH073999,Android 17oz Stainless Steel Sport Bottle,Drinkware,0.18
GGOEGADB056716,Men's Softshell Jacket Black/Grey,Apparel,0.18
GGOEGADB056715,Men's Softshell Jacket Black/Grey,Apparel,0.18
GGOEGADB057317,Google Men's Lightweight Microfleece Jacket Black,Apparel,0.18
GGOEGGCX056199,Gift Card- $100.00,Gift Cards,0.05
GGOEGAAB010515,Google Men's 100% Cotton Short Sleeve Hero Tee Black,Apparel,0.18
GGOEGDHC082299,Google 25 oz Blue Stainless Steel Bottle,Drinkware,0.18
GGOEGDHR082199,Google 25 oz Red Stainless Steel Bottle,Drinkware,0.18
GGOEGCBQ016499,SPF-15 Slim & Slender Lip Balm,Housewares,0.12
GGOEAAAJ080814,Android Men's Engineer Short Sleeve Tee Charcoal,Apparel,0.18
GGOEGGCX056299,Gift Card - $25.00,Gift Cards,0.05
GGOEGOAB016099,Leather and Metal Ballpoint Pen,Office,0.1
GGOEGOCD078199,Google Leather Journal-Brown,Notebooks & Journals,0.05
GGOEWFKA082999,Waze Baby on Board Window Decal,Waze,0.18
GGOEYDHJ056099,22 oz YouTube Bottle Infuser,Bottles,0.05
GGOEYHPA003510,YouTube Trucker Hat,Headgear,0.05
GGOEYHPA003610,YouTube Wool Heather Cap Heather/Black,Headgear,0.05
GGOEYOCR077399,YouTube RFID Journal,Notebooks & Journals,0.05
GGOEYOCR077799,YouTube Hard Cover Journal,Notebooks & Journals,0.05
GGOEGAAJ080715,Google Men's Around The Block Short Sleeve Tee Ash,Apparel,0.18
GGOEGFAQ016699,Bottle Opener Clip,Drinkware,0.18
GGOEGOCL077699,Google Hard Cover Journal,Notebooks & Journals,0.05
GGOEADHH082399,Android 25 oz Green Apple Stainless Steel Bottle,Drinkware,0.18
GGOEGOGA016299,Grip Highlighter Pen 3 Pack,Office,0.1
GGOEGAAQ010416,Google Men's 100% Cotton Short Sleeve Hero Tee White,Apparel,0.18
GGOEGOAC021799,Ballpoint Pen Blue,Office,0.1
GGOEGAFJ036213,Google Men's Pullover Hoodie Grey,Apparel,0.18
GGOEGAFB035814,Google Men's  Zip Hoodie,Apparel,0.18
GGOEGAAJ057015,Google Men's Short Sleeve Performance Badge Tee Charcoal,Apparel,0.18
GGOEGAYT068556,Google Youth Short Sleeve T-shirt Yellow,Apparel,0.18
GGOEWALJ082715,Waze Women's Short Sleeve Tee,Waze,0.18
GGOEWFKA083099,Waze Mood Happy Window Decal,Waze,0.18
GGOEGBRJ037399,Google Rucksack,Bags,0.18
GGOEGAFJ036215,Google Men's Pullover Hoodie Grey,Apparel,0.18
GGOEYAFB073116,YouTube Men's Fleece Hoodie Black,Apparel,0.18
GGOEGOCC077999,Google Spiral Journal with Pen,Notebooks & Journals,0.05
GGOEGAAJ032715,Google Men's Skater Tee Grey,Apparel,0.18
GGOEGAAL059015,Google Men's Short Sleeve Performance Badge Tee Navy,Apparel,0.18
GGOEACCQ017299,Android Lunch Kit,Lifestyle,0.18
GGOEGADB059613,Google Men's Quilted Insulated Vest Black,Apparel,0.18
GGOEGAAB033814,Google Men's Vintage Badge Tee Black,Apparel,0.18
GGOEGAAJ057014,Google Men's Short Sleeve Performance Badge Tee Charcoal,Apparel,0.18
GGOEGAAL059014,Google Men's Short Sleeve Performance Badge Tee Navy,Apparel,0.18
GGOEGOAB015899,Rainbow Stylus Pen,Office,0.1
GGOEGAAB058916,Google Men's Short Sleeve Performance Badge Tee Black,Apparel,0.18
GGOEGAER029713,Google Women's Short Sleeve Hero Tee Red Heather,Apparel,0.18
GGOEGAAL010616,Google Men's 100% Cotton Short Sleeve Hero Tee Navy,Apparel,0.18
GGOEAAAC080915,Android Lifted Men's Short Sleeve Tee Blue,Apparel,0.18
GGOEAAAJ032415,Android Men's Short Sleeve Tri-blend Hero Tee Grey,Apparel,0.18
GGOEGAAJ073015,Google Men's Performance Hero Tee Gunmetal,Apparel,0.18
GGOEGOAR013099,Google Stylus Pen w/ LED Light,Office,0.1
GGOEYAAB031815,YouTube Men's Short Sleeve Hero Tee Black,Apparel,0.18
GGOEYAWR062350,YouTube Infant Short Sleeve Tee Red,Apparel,0.18
GGOEGAEA030413,Google Womens 3/4 Sleeve Baseball Raglan Heather/Black,Apparel,0.18
GGOEGAAJ032617,Google Men's Short Sleeve Badge Tee Charcoal,Apparel,0.18
GGOEGAEA030416,Google Womens 3/4 Sleeve Baseball Raglan Heather/Black,Apparel,0.18
GGOEGAEC029116,Google Women's Short Sleeve Hero Tee Sky Blue,Apparel,0.18
GGOEGAFB035813,Google Men's  Zip Hoodie,Apparel,0.18
GGOEAAAL081117,Android Men's Pep Rally Short Sleeve Tee Navy,Apparel,0.18
GGOEYAAB031817,YouTube Men's Short Sleeve Hero Tee Black,Apparel,0.18
GGOEGAAL010613,Google Men's 100% Cotton Short Sleeve Hero Tee Navy,Apparel,0.18
GGOEGAAB033816,Google Men's Vintage Badge Tee Black,Apparel,0.18
GGOEGAAR010716,Google Men's 100% Cotton Short Sleeve Hero Tee Red,Apparel,0.18
GGOEGAAJ032314,Google Men's Short Sleeve Hero Tee Charcoal,Apparel,0.18
GGOEWAAJ083514,Waze Men's Typography Short Sleeve Tee,Waze,0.18
GGOEGAAC035014,Google Men's Bayside Graphic Tee,Apparel,0.18
GGOEGAAJ032315,Google Men's Short Sleeve Hero Tee Charcoal,Apparel,0.18
GGOEGAAJ032316,Google Men's Short Sleeve Hero Tee Charcoal,Apparel,0.18
GGOEGAAB010514,Google Men's 100% Cotton Short Sleeve Hero Tee Black,Apparel,0.18
GGOEGAQB036014,Google Women's Fleece Hoodie,Apparel,0.18
GGOEYAAJ032517,YouTube Men's Short Sleeve Hero Tee Charcoal,Apparel,0.18
GGOEAAYJ068825,Android Youth Short Sleeve T-shirt Pewter,Apparel,0.18
GGOEAAYJ068826,Android Youth Short Sleeve T-shirt Pewter,Apparel,0.18
GGOEGBRP037599,Yoga Mat Purple,Lifestyle,0.18
GGOEGAAB058914,Google Men's Short Sleeve Performance Badge Tee Black,Apparel,0.18
GGOEGAAB058915,Google Men's Short Sleeve Performance Badge Tee Black,Apparel,0.18
GGOEGALB059913,Google Women's Short Sleeve Performance Tee Black,Apparel,0.18
GGOEGALB059914,Google Women's Short Sleeve Performance Tee Black,Apparel,0.18
GGOEGALB059915,Google Women's Short Sleeve Performance Tee Black,Apparel,0.18
GGOEGAAQ010413,Google Men's 100% Cotton Short Sleeve Hero Tee White,Apparel,0.18
GGOEGADB057314,Google Men's Lightweight Microfleece Jacket Black,Apparel,0.18
GGOEYAQB073213,YouTube Women's Fleece Hoodie Black,Apparel,0.18
GGOEGAAJ080714,Google Men's Around The Block Short Sleeve Tee Ash,Apparel,0.18
GGOEWAAJ082816,Waze Men's Short Sleeve Tee,Waze,0.18
GGOEGAPJ058014,Google Women's 1/4 Zip Jacket Charcoal,Apparel,0.18
GGOEAAAH083314,Android Men's Paradise Short Sleeve Tee Olive,Android,0.1
GGOEAAAJ032417,Android Men's Short Sleeve Tri-blend Hero Tee Grey,Apparel,0.18
GGOEAAEB031617,Android Men's 3/4 Sleeve Raglan Henley Black,Apparel,0.18
GGOEAAXJ066255,Android Toddler Short Sleeve T-shirt Pewter,Apparel,0.18
GGOEGAER029716,Google Women's Short Sleeve Hero Tee Red Heather,Apparel,0.18
GGOEYOLR080599,YouTube Notebook and Pen Set,Office,0.1
GGOEGAPB057813,Women's Performance Full Zip Jacket Black,Apparel,0.18
GGOEYAAB031813,YouTube Men's Short Sleeve Hero Tee Black,Apparel,0.18
GGOEGDHC022999,Insulated Bottle,Drinkware,0.18
GGOEGAYH067925,Google Youth Girl Tee Green,Apparel,0.18
GGOEGAYQ068925,Google Youth Girl Hoodie,Apparel,0.18
GGOEGAAB058917,Google Men's Short Sleeve Performance Badge Tee Black,Apparel,0.18
GGOEGADB056617,Men's Weatherblock Shell Jacket Black,Apparel,0.18
GGOEGADB056717,Men's Softshell Jacket Black/Grey,Apparel,0.18
GGOEYAEJ033514,YouTube Men's Long Sleeve Pullover Badge Tee Heather,Apparel,0.18
GGOEGAYQ068956,Google Youth Girl Hoodie,Apparel,0.18
GGOEAHPJ074410,Android Twill Cap,Apparel,0.18
GGOEGADB059614,Google Men's Quilted Insulated Vest Black,Apparel,0.18
GGOEGATB060215,Google Women's 1/4 Zip Performance Pullover Black,Apparel,0.18
GGOEGAYB068056,Google Youth Baseball Raglan Heather/Black,Apparel,0.18
GGOEYAEA035114,YouTube Men's Vintage Henley,Apparel,0.18
GGOEGAEB027816,Google Women's Short Sleeve Hero Tee Black,Apparel,0.18
GGOEGAAJ080613,Google Men's Bike Short Sleeve Tee Charcoal,Apparel,0.18
GGOEGARJ058413,Google Women's Yoga Pants,Apparel,0.18
GGOEGHPL003113,Google Stretch Fit Hat S/M Navy,Headgear,0.05
GGOEGHPL003214,Google Stretch Fit Hat M/L Navy,Headgear,0.05
GGOEGALP034313,Google Women's Vintage Hero Tee Lavender,Apparel,0.18
GGOEGADB056714,Men's Softshell Jacket Black/Grey,Apparel,0.18
GGOEGBJB022599,Large Zipper Top Tote Bag,Bags,0.18
GGOEAAEB031216,Android Heavyweight Long Sleeve Badge Tee Black,Apparel,0.18
GGOEGAEC029115,Google Women's Short Sleeve Hero Tee Sky Blue,Apparel,0.18
GGOEGAQB036013,Google Women's Fleece Hoodie,Apparel,0.18
GGOEGOAC016199,Executive Twist Ballpoint Pen,Office,0.1
GGOEGAAH034016,Google Men's Vintage Badge Tee Sage,Apparel,0.18
GGOEGAYB068026,Google Youth Baseball Raglan Heather/Black,Apparel,0.18
GGOEGAYQ069026,Google Youth Short Sleeve Tee White,Apparel,0.18
GGOEGAAJ059114,Google Men's Short Sleeve Performance Badge Tee Pewter,Apparel,0.18
GGOEGAAL059016,Google Men's Short Sleeve Performance Badge Tee Navy,Apparel,0.18
GGOEAAWC062448,Android Infant Short Sleeve Tee Aqua,Apparel,0.18
GGOEAAWN062648,Android Infant Short Sleeve Tee Pink,Apparel,0.18
GGOEGADJ056815,Google Men's Watershed Full Zip Hoodie Grey,Apparel,0.18
GGOEGOAB022499,Satin Black Ballpoint Pen,Office,0.1
GGOEYAAJ032514,YouTube Men's Short Sleeve Hero Tee Charcoal,Apparel,0.18
GGOEGAAJ080716,Google Men's Around The Block Short Sleeve Tee Ash,Apparel,0.18
GGOEGADC059514,Google Men's Microfiber 1/4 Zip Pullover Blue/Indigo,Apparel,0.18
GGOEGAEQ027915,Google Women's Short Sleeve Hero Tee White,Apparel,0.18
GGOEAAAJ080815,Android Men's Engineer Short Sleeve Tee Charcoal,Apparel,0.18
GGOEAAAJ080816,Android Men's Engineer Short Sleeve Tee Charcoal,Apparel,0.18
GGOEAAXJ066229,Android Toddler Short Sleeve T-shirt Pewter,Apparel,0.18
GGOEGAXH065329,Google Toddler Short Sleeve T-shirt Green,Apparel,0.18
GGOEGAAJ032615,Google Men's Short Sleeve Badge Tee Charcoal,Apparel,0.18
GGOEGAER035515,Google Men's Vintage Tank,Apparel,0.18
GGOEGAXL065930,Google Toddler Raglan Shirt Blue Heather/Navy,Apparel,0.18
GGOEYAEA035115,YouTube Men's Vintage Henley,Apparel,0.18
GGOEGAER029715,Google Women's Short Sleeve Hero Tee Red Heather,Apparel,0.18
GGOEGOAB012999,Ballpoint Pen & Matching Tube Case,Office,0.1
GGOEGALQ034215,Google Women's Vintage Hero Tee White,Apparel,0.18
GGOEGALB034113,Google Women's Vintage Hero Tee Black,Apparel,0.18
GGOEA0CH077599,Android Hard Cover Journal,Notebooks & Journals,0.05
GGOEGAAJ032716,Google Men's Skater Tee Grey,Apparel,0.18
GGOEGAXQ067128,Google Toddler Short Sleeve Tee White,Apparel,0.18
GGOEGAEC029113,Google Women's Short Sleeve Hero Tee Sky Blue,Apparel,0.18
GGOEGADJ057116,Google Men's Performance 1/4 Zip Pullover Heather/Black,Apparel,0.18
GGOEYAYR068625,YouTube Youth Short Sleeve Tee Red,Apparel,0.18
GGOENEBB079399,Nest Protect Smoke + CO Black Wired Alarm-USA,Nest-USA,0.1
GGOEAAQB036114,Android Women's Fleece Hoodie,Apparel,0.18
GGOEAAQB036115,Android Women's Fleece Hoodie,Apparel,0.18
GGOEGAFB035817,Google Men's  Zip Hoodie,Apparel,0.18
GGOEGAYR023499,Straw Beach Mat,Lifestyle,0.18
GGOEYAAQ031717,YouTube Men's Short Sleeve Hero Tee  White,Apparel,0.18
GGOEGAHB057416,Google Men's Performance Polo Grey/Black,Apparel,0.18
GGOEYAAB034615,YouTube Men's Vintage Tee,Apparel,0.18
GGOEGHPL003315,Google Stretch Fit Hat L/XL Navy,Headgear,0.05
GGOEAAAQ032015,Android Men's Short Sleeve Hero Tee White,Apparel,0.18
GGOEGAAR010717,Google Men's 100% Cotton Short Sleeve Hero Tee Red,Apparel,0.18
GGOEGAEJ031314,Google Tri-blend Hoodie Grey,Apparel,0.18
GGOEGAER033214,Google Men's Long Sleeve Raglan Cranberry,Apparel,0.18
GGOEGAEJ031313,Google Tri-blend Hoodie Grey,Apparel,0.18
GGOEGAAJ032614,Google Men's Short Sleeve Badge Tee Charcoal,Apparel,0.18
GGOEAAXN066329,Android Toddler Short Sleeve T-shirt Pink,Apparel,0.18
GGOEGAXT065429,Google Toddler Short Sleeve T-shirt Yellow,Apparel,0.18
GGOEYAXR066129,You Tube Toddler Short Sleeve Tee Red,Apparel,0.18
GGOEGAEJ035313,Google Vintage Henley Grey/Black,Apparel,0.18
GGOEGAER033213,Google Men's Long Sleeve Raglan Cranberry,Apparel,0.18
GGOEGAAL010614,Google Men's 100% Cotton Short Sleeve Hero Tee Navy,Apparel,0.18
GGOEGCBC016999,Google Pet Feeding Mat,Lifestyle,0.18
GGOEAAAH083315,Android Men's Paradise Short Sleeve Tee Olive,Android,0.1
GGOEGAAQ033915,Google Men's Vintage Badge Tee White,Apparel,0.18
GGOEGAEJ031316,Google Tri-blend Hoodie Grey,Apparel,0.18
GGOEGAPB058216,Google Women's Lightweight Microfleece Jacket,Apparel,0.18
GGOEAAAB034915,Android BTTF Moonshot Graphic Tee,Apparel,0.18
GGOEGATB060414,Google Women's Quilted Insulated Vest Black,Apparel,0.18
GGOEGAAJ032714,Google Men's Skater Tee Grey,Apparel,0.18
GGOEGAPB058212,Google Women's Lightweight Microfleece Jacket,Apparel,0.18
GGOEAAAJ031917,Android Men's Short Sleeve Hero Tee Heather,Apparel,0.18
GGOEGAEA030414,Google Womens 3/4 Sleeve Baseball Raglan Heather/Black,Apparel,0.18
GGOEGCVB072399,Google Executive Umbrella,Lifestyle,0.18
GGOEGOAJ021599,Gunmetal Roller Ball Pen,Office,0.1
GGOEGAXR065128,Google Toddler Short Sleeve Tee Red,Apparel,0.18
GGOEGAXC065629,Google Toddler Hoodie Royal Blue,Apparel,0.18
GGOEAAEB031614,Android Men's 3/4 Sleeve Raglan Henley Black,Apparel,0.18
GGOEGAPJ058013,Google Women's 1/4 Zip Jacket Charcoal,Apparel,0.18
GGOEYAAJ032515,YouTube Men's Short Sleeve Hero Tee Charcoal,Apparel,0.18
GGOEGAXJ065529,Google Toddler Short Sleeve T-shirt Grey,Apparel,0.18
GGOEGAXQ067155,Google Toddler Short Sleeve Tee White,Apparel,0.18
GGOEGAYQ069025,Google Youth Short Sleeve Tee White,Apparel,0.18
GGOEAAFB035913,Android Men's  Zip Hoodie,Apparel,0.18
GGOEAOCH014199,Android Journal Book Set,Office,0.1
GGOEAAYJ068824,Android Youth Short Sleeve T-shirt Pewter,Apparel,0.18
GGOEGAAJ073416,Google Men's Short Sleeve Hero Tee Heather,Apparel,0.18
GGOEGADB056916,Google Men's Performance Full Zip Jacket Black,Apparel,0.18
GGOEAAAB034816,Android BTTF Cosmos Graphic Tee,Apparel,0.18
GGOEADHJ015599,Android 24 oz Contigo Bottle,Drinkware,0.18
GGOEGAEJ033315,Google Men's Long Sleeve Pullover Badge Tee Heather,Apparel,0.18
GGOEGAAB033815,Google Men's Vintage Badge Tee Black,Apparel,0.18
GGOEGAYB068025,Google Youth Baseball Raglan Heather/Black,Apparel,0.18
GGOEGAYL068125,Google Youth Sports Tee Navy,Apparel,0.18
GGOEAAWH061548,Android Onesie Sprout Green,Apparel,0.18
GGOEGAWH061348,Google Onesie Green,Apparel,0.18
GGOEYAWR062349,YouTube Infant Short Sleeve Tee Red,Apparel,0.18
GGOEYAEJ029013,YouTube Women's Short Sleeve Hero Tee Charcoal,Apparel,0.18
GGOEGAWR061153,Google Onesie Red,Apparel,0.18
GGOEGAEA030415,Google Womens 3/4 Sleeve Baseball Raglan Heather/Black,Apparel,0.18
GGOEYAQB073214,YouTube Women's Fleece Hoodie Black,Apparel,0.18
GGOEGADJ056817,Google Men's Watershed Full Zip Hoodie Grey,Apparel,0.18
GGOEGAEJ031317,Google Tri-blend Hoodie Grey,Apparel,0.18
GGOEYAAB034613,YouTube Men's Vintage Tee,Apparel,0.18
GGOEYAAB034614,YouTube Men's Vintage Tee,Apparel,0.18
GGOEYAAB034616,YouTube Men's Vintage Tee,Apparel,0.18
GGOEYAAB034617,YouTube Men's Vintage Tee,Apparel,0.18
GGOEYAEJ029513,YouTube Women's Short Sleeve Tri-blend Badge Tee Charcoal,Apparel,0.18
GGOEYAEJ029514,YouTube Women's Short Sleeve Tri-blend Badge Tee Charcoal,Apparel,0.18
GGOEYAEJ029515,YouTube Women's Short Sleeve Tri-blend Badge Tee Charcoal,Apparel,0.18
GGOEGALP036315,Google Women's Long Sleeve Tee Lavender,Apparel,0.18
GGOEAAXN066328,Android Toddler Short Sleeve T-shirt Pink,Apparel,0.18
GGOEYAAQ031714,YouTube Men's Short Sleeve Hero Tee White,Apparel,0.18
GGOEGAYH068424,Google Youth Short Sleeve T-shirt Green,Apparel,0.18
GGOEAAEJ030913,Android Women's Long Sleeve Blended Cardigan Grey,Apparel,0.18
GGOEAAFB035914,Android Men's  Zip Hoodie,Apparel,0.18
GGOEGAAJ032717,Google Men's Long & Lean Tee Grey,Apparel,0.18
GGOEGAAJ073417,Google Men's Short Sleeve Hero Tee Heather,Apparel,0.18
GGOEGADB059617,Google Men's Quilted Insulated Vest Black,Apparel,0.18
GGOEGAEJ028016,Google Women's Short Sleeve Hero Tee Grey,Apparel,0.18
GGOEGAAB058918,Google Men's Short Sleeve Performance Badge Tee Black,Apparel,0.18
GGOEGAAL059018,Google Men's Short Sleeve Performance Badge Tee Navy,Apparel,0.18
GGOEGADB056615,Men's Weatherblock Shell Jacket Black,Apparel,0.18
GGOEGADB056616,Men's Weatherblock Shell Jacket Black,Apparel,0.18
GGOEGAEJ035314,Google Vintage Henley Grey/Black,Apparel,0.18
GGOEGALQ036614,Google Women's Scoop Neck Tee White,Apparel,0.18
GGOEGALQ036615,Google Women's Scoop Neck Tee White,Apparel,0.18
GGOEGALQ036616,Google Women's Scoop Neck Tee White,Apparel,0.18
GGOEGALQ036617,Google Women's Scoop Neck Tee White,Apparel,0.18
GGOEGAPB057815,Women's Performance Full Zip Jacket Black,Apparel,0.18
GGOEGAPB058213,Google Women's Lightweight Microfleece Jacket,Apparel,0.18
GGOEYAYR068656,YouTube Youth Short Sleeve Tee Red,Apparel,0.18
GGOEGAPB058217,Google Women's Lightweight Microfleece Jacket,Apparel,0.18
GGOEGAWR061850,Google Infant Short Sleeve Tee Red,Apparel,0.18
GGOEYAFB073117,YouTube Men's Fleece Hoodie Black,Apparel,0.18
GGOEAAEJ030916,Android Women's Long Sleeve Blended Cardigan Grey,Apparel,0.18
GGOEGBRB013899,Google Laptop Backpack,Bags,0.18
GGOEGALB036514,Google Women's Scoop Neck Tee Black,Apparel,0.18
GGOEYAAJ032516,YouTube Men's Short Sleeve Hero Tee Charcoal,Apparel,0.18
GGOEGAQB036016,Google Women's Fleece Hoodie,Apparel,0.18
GGOEGADJ059415,Google Men's Microfiber 1/4 Zip Pullover Grey/Black,Apparel,0.18
GGOEGAPB058613,Google Women's Yoga Jacket Black,Apparel,0.18
GGOEGAPB058614,Google Women's Yoga Jacket Black,Apparel,0.18
GGOEGAXJ065729,Google Toddler 1/4 Zip Fleece Pewter,Apparel,0.18
GGOEGAXL065929,Google Toddler Raglan Shirt Blue Heather/Navy,Apparel,0.18
GGOEGAYB068024,Google Youth Baseball Raglan Heather/Black,Apparel,0.18
GGOEGAXC065229,Google Toddler Short Sleeve T-shirt Royal Blue,Apparel,0.18
GGOEAAXJ066228,Android Toddler Short Sleeve T-shirt Pewter,Apparel,0.18
GGOEGAER035514,Google Men's Vintage Tank,Apparel,0.18
GGOEGAHB057414,Google Men's Performance Polo Grey/Black,Apparel,0.18
GGOEGATJ060516,Google Women's Quilted Insulated Vest White,Apparel,0.18
GGOEAAAB081015,Android Men's Outerstellar Short Sleeve Tee Black,Apparel,0.18
GGOEAAAL081115,Android Men's Pep Rally Short Sleeve Tee Navy,Apparel,0.18
GGOEYAAB031814,YouTube Men's Short Sleeve Hero Tee Black,Apparel,0.18
GGOEGOCD078399,Google Leather Perforated Journal,Notebooks & Journals,0.05
GGOEYAEA030513,YouTube Womens 3/4 Sleeve Baseball Raglan White/Black,Apparel,0.18
GGOEAAWJ062549,Android Infant Short Sleeve Tee Pewter,Apparel,0.18
GGOEGAWR061849,Google Infant Short Sleeve Tee Red,Apparel,0.18
GGOEYAWJ061448,YouTube Onesie Heather,Apparel,0.18
GGOEGAQB036017,Google Women's Fleece Hoodie,Apparel,0.18
GGOEGALQ034213,Google Women's Vintage Hero Tee White,Apparel,0.18
GGOEGADJ059716,Google Men's Quilted Insulated Vest Battleship Grey,Apparel,0.18
GGOEGADC059314,Google Men's Airflow 1/4 Zip Pullover Lapis,Apparel,0.18
GGOEGALJ036414,Google Women's Tee Grey,Apparel,0.18
GGOEAAFB035915,Android Men's  Zip Hoodie,Apparel,0.18
GGOEAAFB035917,Android Men's  Zip Hoodie,Apparel,0.18
GGOEGAWR061148,Google Onesie Red,Apparel,0.18
GGOEGAWR061149,Google Onesie Red,Apparel,0.18
GGOEGAAR010713,Google Men's 100% Cotton Short Sleeve Hero Tee Red,Apparel,0.18
GGOEGAAL059017,Google Men's Short Sleeve Performance Badge Tee Navy,Apparel,0.18
GGOEAAAB034917,Android BTTF Moonshot Graphic Tee,Apparel,0.18
GGOEAAAC080916,Android Lifted Men's Short Sleeve Tee Blue,Apparel,0.18
GGOEAAAL081116,Android Men's Pep Rally Short Sleeve Tee Navy,Apparel,0.18
GGOEAAAB034815,Android BTTF Cosmos Graphic Tee,Apparel,0.18
GGOEAAAP081215,Android Men's Take Charge Short Sleeve Tee Purple,Apparel,0.18
GGOEWAAJ083515,Waze Men's Typography Short Sleeve Tee,Waze,0.18
GGOEGAEB031516,Google 3/4 Sleeve Raglan Badge Henley Black,Apparel,0.18
GGOEGAEB031513,Google 3/4 Sleeve Raglan Badge Henley Black,Apparel,0.18
GGOEAAEB031213,Android Heavyweight Long Sleeve Badge Tee Black,Apparel,0.18
GGOEAAEJ035713,Android Men's Vintage Tank,Apparel,0.18
GGOEGAWC061249,Google Onesie Royal Blue,Apparel,0.18
GGOEGAWH061349,Google Onesie Green,Apparel,0.18
GGOEGAPB058215,Google Women's Lightweight Microfleece Jacket,Apparel,0.18
GGOEGAWC062850,Google Infant Zip Hood Royal Blue,Apparel,0.18
GGOEGAAB010513,Google Men's 100% Cotton Short Sleeve Hero Tee Black,Apparel,0.18
GGOEGAEQ027916,Google Women's Short Sleeve Hero Tee White,Apparel,0.18
GGOEGAWN062748,Google Infant Zip Hood Pink,Apparel,0.18
GGOEGAXQ067130,Google Toddler Short Sleeve Tee White,Apparel,0.18
GGOEGAXR065155,Google Toddler Short Sleeve Tee Red,Apparel,0.18
GGOEGAXC065628,Google Toddler Hoodie Royal Blue,Apparel,0.18
GGOEAOCB077499,Android RFID Journal,Notebooks & Journals,0.05
GGOEGADB056915,Google Men's Performance Full Zip Jacket Black,Apparel,0.18
GGOEYAEJ033515,YouTube Men's Long Sleeve Pullover Badge Tee Heather,Apparel,0.18
GGOEWALJ083416,Waze Women's Typography Short Sleeve Tee,Waze,0.18
GGOEGAEB027813,Google Women's Short Sleeve Hero Tee Black,Apparel,0.18
GGOEYAEJ029014,YouTube Women's Short Sleeve Hero Tee Charcoal,Apparel,0.18
GGOEYAEJ029015,YouTube Women's Short Sleeve Hero Tee Charcoal,Apparel,0.18
GGOEGAEJ035315,Google Vintage Henley Grey/Black,Apparel,0.18
GGOEGADB059216,Google Men's Airflow 1/4 Zip Pullover Black,Apparel,0.18
GGOEGADC059315,Google Men's Airflow 1/4 Zip Pullover Lapis,Apparel,0.18
GGOEGALJ036415,Google Women's Tee Grey,Apparel,0.18
GGOEGALP036314,Google Women's Long Sleeve Tee Lavender,Apparel,0.18
GGOEGAAJ080713,Google Men's Around The Block Short Sleeve Tee Ash,Apparel,0.18
GGOEYAYR068626,YouTube Youth Short Sleeve Tee Red,Apparel,0.18
GGOEGBPB081999,UpCycled Bike Saddle Bag,Accessories,0.1
GGOEGAEB031515,Google 3/4 Sleeve Raglan Badge Henley Black,Apparel,0.18
GGOEAAAC080917,Android Lifted Men's Short Sleeve Tee Blue,Apparel,0.18
GGOEAAAJ080817,Android Men's Engineer Short Sleeve Tee Charcoal,Apparel,0.18
GGOEAAAP081217,Android Men's Take Charge Short Sleeve Tee Purple,Apparel,0.18
GGOEGAAL010617,Google Men's 100% Cotton Short Sleeve Hero Tee Navy,Apparel,0.18
GGOEGAWN062749,Google Infant Zip Hood Pink,Apparel,0.18
GGOEGALH036714,Google Women's Scoop Neck Tee Green,Apparel,0.18
GGOEGALH036715,Google Women's Scoop Neck Tee Green,Apparel,0.18
GGOEGAUC057714,Google Women's Performance Golf Polo Blue,Apparel,0.18
GGOEGADJ056816,Google Men's Watershed Full Zip Hoodie Grey,Apparel,0.18
GGOEGAWC062848,Google Infant Zip Hood Royal Blue,Apparel,0.18
GGOEGAWQ062248,Google Infant Short Sleeve Tee White,Apparel,0.18
GGOEGALB036513,Google Women's Scoop Neck Tee Black,Apparel,0.18
GGOEGALB036515,Google Women's Scoop Neck Tee Black,Apparel,0.18
GGOEGAWR061049,Google Onesie Red/Graphite,Apparel,0.18
GGOEGAEB031514,Google 3/4 Sleeve Raglan Badge Henley Black,Apparel,0.18
GGOEGAEJ030714,Google Men's 3/4 Sleeve Raglan Henley Grey,Apparel,0.18
GGOEGAEJ030715,Google Men's 3/4 Sleeve Raglan Henley Grey,Apparel,0.18
GGOEGAEJ030716,Google Men's 3/4 Sleeve Raglan Henley Grey,Apparel,0.18
GGOEGALJ036413,Google Women's Tee Grey,Apparel,0.18
GGOEGALJ036416,Google Women's Tee Grey,Apparel,0.18
GGOEGBMC073699,Google Collapsible Duffel Blue,More Bags,0.18
GGOEGAWC061248,Google Onesie Royal Blue,Apparel,0.18
GGOEGAHB057417,Google Men's Performance Polo Grey/Black,Apparel,0.18
GGOEWAAJ082817,Waze Men's Short Sleeve Tee,Waze,0.18
GGOEAAAB081017,Android Men's Outerstellar Short Sleeve Tee Black,Apparel,0.18
GGOEAAXC066429,Android Toddler Short Sleeve T-shirt Aqua,Apparel,0.18
GGOEGAWH061354,Google Onesie Green,Apparel,0.18
GGOEGAWC062149,Google Infant Short Sleeve Tee Cornflower Blue,Apparel,0.18
GGOEAAXC066428,Android Toddler Short Sleeve T-shirt Aqua,Apparel,0.18
GGOEGAYC068326,Google Youth Short Sleeve T-shirt Royal Blue,Apparel,0.18
GGOEGAER033215,Google Men's Long Sleeve Raglan Cranberry,Apparel,0.18
GGOEGAQJ058716,Google Women's Zip Hoodie Grey,Apparel,0.18
GGOEGATB060417,Google Women's Quilted Insulated Vest Black,Apparel,0.18
GGOEGADB059616,Google Men's Quilted Insulated Vest Black,Apparel,0.18
GGOEGOCB078299,Google Leather Journal-Black,Notebooks & Journals,0.05
GGOEGBRB079599,25L Classic Rucksack,Backpacks,0.1
GGOEGAER035516,Google Men's Vintage Tank,Apparel,0.18
GGOEYAAQ031715,YouTube Men's Short Sleeve Hero Tee White,Apparel,0.18
GGOEYAQB073217,YouTube Women's Fleece Hoodie Black,Apparel,0.18
GGOEAAXN066355,Android Toddler Short Sleeve T-shirt Pink,Apparel,0.18
GGOEAAYC068756,Android Youth Short Sleeve T-shirt Aqua,Apparel,0.18
GGOEWALJ082713,Waze Women's Short Sleeve Tee,Waze,0.18
GGOEAAEJ035714,Android Men's Vintage Tank,Apparel,0.18
GGOEGAAQ033913,Google Men's Vintage Badge Tee White,Apparel,0.18
GGOEGALL074616,Google Women's Short Sleeve Badge Tee Navy,Apparel,0.18
GGOEGPXR023199,Google Collapsible Pet Bowl,Lifestyle,0.18
GGOEYAEB031414,YouTube Men's 3/4 Sleeve Henley,Apparel,0.18
GGOEGAHB057415,Google Men's Performance Polo Grey/Black,Apparel,0.18
GGOEGAWN062750,Google Infant Zip Hood Pink,Apparel,0.18
GGOEAAAC080914,Android Lifted Men's Short Sleeve Tee Blue,Apparel,0.18
GGOEAAEH035214,Android Men's Vintage Henley,Apparel,0.18
GGOEGALB034114,Google Women's Vintage Hero Tee Black,Apparel,0.18
GGOEAAWC061653,Android Onesie Baby Blue,Apparel,0.18
GGOEGAWC061253,Google Onesie Royal Blue,Apparel,0.18
GGOEYAFB073113,YouTube Men's Fleece Hoodie Black,Apparel,0.18
GGOEGADC059316,Google Men's Airflow 1/4 Zip Pullover Lapis,Apparel,0.18
GGOEGAEJ033314,Google Men's Long Sleeve Pullover Badge Tee Heather,Apparel,0.18
GGOEGDHJ082599,Google 17 oz Double Wall Stainless Steel Insulated Bottle,Google,0.1
GGOEGAEJ033313,Google Men's Long Sleeve Pullover Badge Tee Heather,Apparel,0.18
GGOEGALJ073314,Google Women's Short Sleeve Hero Tee Heather,Apparel,0.18
GGOEGAYR068256,Google Youth Short Sleeve Tee Red,Apparel,0.18
GGOEGAXT065428,Google Toddler Short Sleeve T-shirt Yellow,Apparel,0.18
GGOEGADB056614,Men's Weatherblock Shell Jacket Black,Apparel,0.18
GGOEGAXJ065730,Google Toddler 1/4 Zip Fleece Pewter,Apparel,0.18
GGOEGADB056918,Google Men's Performance Full Zip Jacket Black,Apparel,0.18
GGOEYAAJ032513,YouTube Men's Short Sleeve Hero Tee Charcoal,Apparel,0.18
GGOEGAYQ068926,Google Youth Girl Hoodie,Apparel,0.18
GGOEGADB056914,Google Men's Performance Full Zip Jacket Black,Apparel,0.18
GGOEYAAQ031713,YouTube Men's Short Sleeve Hero Tee White,Apparel,0.18
GGOEAAWT061753,Android Onesie Gold,Apparel,0.18
GGOEAAWC061648,Android Onesie Baby Blue,Apparel,0.18
GGOEGAWR061048,Google Onesie Red/Graphite,Apparel,0.18
GGOEGADJ059713,Google Men's Quilted Insulated Vest Battleship Grey,Apparel,0.18
GGOEGALP034314,Google Women's Vintage Hero Tee Lavender,Apparel,0.18
GGOEAHPA004110,Android Wool Heather Cap Heather/Black,Headgear,0.05
GGOEGARJ058414,Google Women's Yoga Pants,Apparel,0.18
GGOEGADJ056814,Google Men's Watershed Full Zip Hoodie Grey,Apparel,0.18
GGOEGAPB057614,Google Women's Softshell Jacket Black/Grey,Apparel,0.18
GGOEGALP034316,Google Women's Vintage Hero Tee Lavender,Apparel,0.18
GGOEYAQB073216,YouTube Women's Fleece Hoodie Black,Apparel,0.18
GGOEYAEB030013,YouTube Women's Racer Back Tank Black,Apparel,0.18
GGOEGHPB003410,Google Snapback Hat Black,Headgear,0.05
GGOEAAAB034814,Android BTTF Cosmos Graphic Tee,Apparel,0.18
GGOEGAYT068524,Google Youth Short Sleeve T-shirt Yellow,Apparel,0.18
GGOEAAEJ029317,Android Women's Short Sleeve Badge Tee Light Charcoal,Apparel,0.18
GGOEAAEJ030915,Android Women's Long Sleeve Blended Cardigan Grey,Apparel,0.18
GGOEGAWC062150,Google Infant Short Sleeve Tee Cornflower Blue,Apparel,0.18
GGOEGAYL068124,Google Youth Sports Tee Navy,Apparel,0.18
GGOEGAEJ033316,Google Men's Long Sleeve Pullover Badge Tee Heather,Apparel,0.18
GGOEAAEJ030914,Android Women's Long Sleeve Blended Cardigan Grey,Apparel,0.18
GGOEGAAJ073413,Google Men's Short Sleeve Hero Tee Heather,Apparel,0.18
GGOEYAEB035616,YouTube Men's Vintage Tank,Apparel,0.18
GGOEYAWJ061450,YouTube Onesie Heather,Apparel,0.18
GGOEGOCR078499,Google Spiral Leather Journal,Notebooks & Journals,0.05
GGOEGHPB080410,Google 5-Panel Snapback Cap,Headgear,0.05
GGOEGAER029217,Google Women's Short Sleeve Badge Tee Red Heather,Apparel,0.18
GGOEAAAJ032915,Android Men's Skater Badge Tee Charcoal,Apparel,0.18
GGOEGAAQ033914,Google Men's Vintage Badge Tee White,Apparel,0.18
GGOEGAEB084514,BLM Sweatshirt,Apparel,0.18
GGOEYAEA030516,YouTube Womens 3/4 Sleeve Baseball Raglan White/Black,Apparel,0.18
GGOEGAEB084513,BLM Sweatshirt,Apparel,0.18
GGOEGAEB084515,BLM Sweatshirt,Apparel,0.18
GGOEGAEB084516,BLM Sweatshirt,Apparel,0.18
GGOEAAWJ062550,Android Infant Short Sleeve Tee Pewter,Apparel,0.18
GGOEGAEB084517,BLM Sweatshirt,Apparel,0.18
GGOEGAEJ033317,Google Men's Long Sleeve Pullover Badge Tee Heather,Apparel,0.18
GGOEGAER033216,Google Men's Long Sleeve Raglan Cranberry,Apparel,0.18
GGOEGAEJ028014,Google Women's Short Sleeve Hero Tee Grey,Apparel,0.18
GGOEGAAJ073016,Google Men's Performance Hero Tee Gunmetal,Apparel,0.18
GGOEGAXJ065555,Google Toddler Short Sleeve T-shirt Grey,Apparel,0.18
GGOEGAXR065130,Google Toddler Short Sleeve Tee Red,Apparel,0.18
GGOEGAYH067956,Google Youth Girl Tee Green,Apparel,0.18
GGOEGADB059213,Google Men's Airflow 1/4 Zip Pullover Black,Apparel,0.18
GGOEGAPB057512,Women's Weatherblock Shell Jacket Black,Apparel,0.18
GGOEAAWH061553,Android Onesie Sprout Green,Apparel,0.18
GGOEGAFJ036217,Google Men's Pullover Hoodie Grey,Apparel,0.18
GGOEGAPB058617,Google Women's Yoga Jacket Black,Apparel,0.18
GGOEGARJ058416,Google Women's Yoga Pants,Apparel,0.18
GGOEAAYJ068856,Android Youth Short Sleeve T-shirt Pewter,Apparel,0.18
GGOEGAQJ058715,Google Women's Zip Hoodie Grey,Apparel,0.18
GGOEGAYQ068924,Google Youth Girl Hoodie,Apparel,0.18
GGOEYAXR066130,You Tube Toddler Short Sleeve Tee Red,Apparel,0.18
GGOEYAXR066155,You Tube Toddler Short Sleeve Tee Red,Apparel,0.18
GGOEGAEJ035316,Google Vintage Henley Grey/Black,Apparel,0.18
GGOEGALB059917,Google Women's Short Sleeve Performance Tee Black,Apparel,0.18
GGOEGALJ073317,Google Women's Short Sleeve Hero Tee Heather,Apparel,0.18
GGOEAAAB034916,Android BTTF Moonshot Graphic Tee,Apparel,0.18
GGOEGAWH061350,Google Onesie Green,Apparel,0.18
GGOEAAEB031214,Android Heavyweight Long Sleeve Badge Tee Black,Apparel,0.18
GGOEAAWH061550,Android Onesie Sprout Green,Apparel,0.18
GGOEAAXJ066230,Android Toddler Short Sleeve T-shirt Pewter,Apparel,0.18
GGOEAAAC080913,Android Lifted Men's Short Sleeve Tee Blue,Apparel,0.18
GGOEYAYR068624,YouTube Youth Short Sleeve Tee Red,Apparel,0.18
GGOEGAAQ033917,Google Men's Vintage Badge Tee White,Apparel,0.18
GGOEYAEJ029613,YouTube Women's Short Sleeve Tri-blend Badge Tee Grey,Apparel,0.18
GGOEGAXT065430,Google Toddler Short Sleeve T-shirt Yellow,Apparel,0.18
GGOEYAWJ061453,YouTube Onesie Heather,Apparel,0.18
GGOEYAEA035113,YouTube Men's Vintage Henley,Apparel,0.18
GGOEGALB036517,Google Women's Scoop Neck Tee Black,Apparel,0.18
GGOEAAAJ034515,Android Men's Vintage Tee,Apparel,0.18
GGOEAAAQ032016,Android Men's Short Sleeve Hero Tee White,Apparel,0.18
GGOEGAWQ062249,Google Infant Short Sleeve Tee White,Apparel,0.18
GGOEGAXQ067129,Google Toddler Short Sleeve Tee White,Apparel,0.18
GGOEAAAQ032013,Android Men's Short Sleeve Hero Tee White,Apparel,0.18
GGOEAHPB080210,Android 5-Panel Low Cap,Apparel,0.18
GGOEGACB023699,Yoga Block,Lifestyle,0.18
GGOEGDHJ023099,Insulated Bottle,Drinkware,0.18
GGOEGAAC035017,Google Men's Bayside Graphic Tee,Apparel,0.18
GGOEGAAJ080617,Google Men's Bike Short Sleeve Tee Charcoal,Apparel,0.18
GGOEGAYH067924,Google Youth Girl Tee Green,Apparel,0.18
GGOEGAPJ058016,Google Women's 1/4 Zip Jacket Charcoal,Apparel,0.18
GGOEGATB060416,Google Women's Quilted Insulated Vest Black,Apparel,0.18
GGOEGADB056913,Google Men's Performance Full Zip Jacket Black,Apparel,0.18
GGOEGADB057313,Google Men's Lightweight Microfleece Jacket Black,Apparel,0.18
GGOEGAEJ028114,Google Women's Short Sleeve Badge Tee Grey,Apparel,0.18
GGOEGATB060614,Google Women's Convertible Vest-Jacket Black,Apparel,0.18
GGOEGAER029214,Google Women's Short Sleeve Badge Tee Red Heather,Apparel,0.18
GGOEAAAB081014,Android Men's Outerstellar Short Sleeve Tee Black,Apparel,0.18
GGOEGATH060714,Google Women's Convertible Vest-Jacket Sea Foam Green,Apparel,0.18
GGOEGADJ059814,Google Men's Convertible Vest-Jacket Pewter,Apparel,0.18
GGOEAAAB081013,Android Men's Outerstellar Short Sleeve Tee Black,Apparel,0.18
GGOEGAAC035015,Google Men's Bayside Graphic Tee,Apparel,0.18
GGOEGAAH034015,Google Men's Vintage Badge Tee Sage,Apparel,0.18
GGOEAAWT061748,Android Onesie Gold,Apparel,0.18
GGOEGALQ034216,Google Women's Vintage Hero Tee White,Apparel,0.18
GGOEGAER029717,Google Women's Short Sleeve Hero Tee Red Heather,Apparel,0.18
GGOEGAER035513,Google Men's Vintage Tank,Apparel,0.18
GGOEGADJ057114,Google Men's Performance 1/4 Zip Pullover Heather/Black,Apparel,0.18
GGOEGALB034115,Google Women's Vintage Hero Tee Black,Apparel,0.18
GGOEAAAH083316,Android Men's Paradise Short Sleeve Tee Olive,Android,0.1
GGOEYAXR066128,You Tube Toddler Short Sleeve Tee Red,Apparel,0.18
GGOEAAAJ031915,Android Men's Short Sleeve Hero Tee Heather,Apparel,0.18
GGOEAAEB030216,Android Women's Racer Back Tank Black,Apparel,0.18
GGOEAAYC068724,Android Youth Short Sleeve T-shirt Aqua,Apparel,0.18
GGOEGALB059916,Google Women's Short Sleeve Performance Tee Black,Apparel,0.18
GGOEGALL060013,Google Women's Short Sleeve Performance Tee Navy,Apparel,0.18
GGOEGALL060014,Google Women's Short Sleeve Performance Tee Navy,Apparel,0.18
GGOEGAAQ057217,Google Men's Colorblock Tee White/Heather,Apparel,0.18
GGOEWAAJ082814,Waze Men's Short Sleeve Tee,Waze,0.18
GGOEADHH015499,Android 24 oz Contigo Bottle,Drinkware,0.18
GGOEGAAJ073013,Google Men's Performance Hero Tee Gunmetal,Apparel,0.18
GGOEAAAB034813,Android BTTF Cosmos Graphic Tee,Apparel,0.18
GGOEGAAJ032814,Google Men's Long & Lean Tee Charcoal,Apparel,0.18
GGOEYAAJ033013,YouTube Men's Long & Lean Tee Charcoal,Apparel,0.18
GGOEAAAP081214,Android Men's Take Charge Short Sleeve Tee Purple,Apparel,0.18
GGOEGBMC056599,Waterproof Gear Bag,Office,0.1
GGOEWAAJ083513,Waze Men's Typography Short Sleeve Tee,Waze,0.18
GGOEGAAJ057017,Google Men's Short Sleeve Performance Badge Tee Charcoal,Apparel,0.18
GGOEGAPB057817,Women's Performance Full Zip Jacket Black,Apparel,0.18
GGOEYAEB035614,YouTube Men's Vintage Tank,Apparel,0.18
GGOEAAEJ029313,Android Women's Short Sleeve Badge Tee Light Charcoal,Apparel,0.18
GGOEAAAB034817,Android BTTF Cosmos Graphic Tee,Apparel,0.18
GGOEAOCH077899,Android Spiral Journal with Pen,Notebooks & Journals,0.05
GGOEAAEH035213,Android Men's Vintage Henley,Apparel,0.18
GGOEGAAJ032317,Google Men's Short Sleeve Hero Tee Charcoal,Apparel,0.18
GGOEGAAB033813,Google Men's Vintage Badge Tee Black,Apparel,0.18
GGOEAAEB031615,Android Men's 3/4 Sleeve Raglan Henley Black,Apparel,0.18
GGOEYAEB035615,YouTube Men's Vintage Tank,Apparel,0.18
GGOEGAAQ057216,Google Men's Colorblock Tee White/Heather,Apparel,0.18
GGOEAAAJ031913,Android Men's Short Sleeve Hero Tee Heather,Apparel,0.18
GGOEAAAJ031914,Android Men's Short Sleeve Hero Tee Heather,Apparel,0.18
GGOEAAAJ031916,Android Men's Short Sleeve Hero Tee Heather,Apparel,0.18
GGOEGAAH034013,Google Men's Vintage Badge Tee Sage,Apparel,0.18
GGOEGAAH034014,Google Men's Vintage Badge Tee Sage,Apparel,0.18
GGOEGAAH034017,Google Men's Vintage Badge Tee Sage,Apparel,0.18
GGOEAAAJ032413,Android Men's Short Sleeve Tri-blend Hero Tee Grey,Apparel,0.18
GGOEGAAJ032713,Google Men's Long & Lean Tee Grey,Apparel,0.18
GGOEAAAJ032913,Android Men's Long & Lean Badge Tee Charcoal,Apparel,0.18
GGOEAAAJ032914,Android Men's Long & Lean Badge Tee Charcoal,Apparel,0.18
GGOEAAAJ032916,Android Men's Long & Lean Badge Tee Charcoal,Apparel,0.18
GGOEAAAB034913,Android BTTF Moonshot Graphic Tee,Apparel,0.18
GGOEAAAJ034513,Android Men's Vintage Tee,Apparel,0.18
GGOEAAAJ034514,Android Men's Vintage Tee,Apparel,0.18
GGOEAAEB031613,Android Men's 3/4 Sleeve Raglan Henley Black,Apparel,0.18
GGOEAAEB031616,Android Men's 3/4 Sleeve Raglan Henley Black,Apparel,0.18
GGOEGAAJ059113,Google Men's Short Sleeve Performance Badge Tee Pewter,Apparel,0.18
GGOEGAEJ030713,Google Men's 3/4 Sleeve Raglan Henley Grey,Apparel,0.18
GGOEGAAJ073014,Google Men's Performance Hero Tee Gunmetal,Apparel,0.18
GGOEGAAJ059115,Google Men's Short Sleeve Performance Badge Tee Pewter,Apparel,0.18
GGOEAAWC062449,Android Infant Short Sleeve Tee Aqua,Apparel,0.18
GGOEAAWJ062548,Android Infant Short Sleeve Tee Pewter,Apparel,0.18
GGOEYAWR062348,YouTube Infant Short Sleeve Tee Red,Apparel,0.18
GGOEGBPB082099,UpCycled Handlebar Bag,Accessories,0.1
GGOEGAEJ035317,Google Vintage Henley Grey/Black,Apparel,0.18
GGOEGADB059214,Google Men's Airflow 1/4 Zip Pullover Black,Apparel,0.18
GGOEAHPB076114,Android Stretch Fit Hat,Apparel,0.18
GGOEAAEJ035715,Android Men's Vintage Tank,Apparel,0.18
GGOEAHPJ004415,Android Stretch Fit Hat L/XL,Headgear,0.05
GGOEYAEB031415,YouTube Men's 3/4 Sleeve Henley,Apparel,0.18
GGOEAAWT061750,Android Onesie Gold,Apparel,0.18
GGOEGAAJ032313,Google Men's Short Sleeve Hero Tee Charcoal,Apparel,0.18
GGOEGAXR066030,Google Toddler Sports T-shirt Red,Apparel,0.18
GGOEAAFB035916,Android Men's  Zip Hoodie,Apparel,0.18
GGOEGAER035517,Google Men's Vintage Tank,Apparel,0.18
GGOEGAAJ032813,Google Men's Long & Lean Tee Charcoal,Apparel,0.18
GGOEAAWT061749,Android Onesie Gold,Apparel,0.18
GGOEGALJ060115,Google Women's Short Sleeve Performance Tee Pewter,Apparel,0.18
GGOEGADB056613,Men's Weatherblock Shell Jacket Black,Apparel,0.18
GGOEGALL060015,Google Women's Short Sleeve Performance Tee Navy,Apparel,0.18
GGOEGALB034117,Google Women's Vintage Hero Tee Black,Apparel,0.18
GGOEYAEA035117,YouTube Men's Vintage Henley,Apparel,0.18
GGOEGAAB033817,Google Men's Vintage Badge Tee Black,Apparel,0.18
GGOEGAXJ065528,Google Toddler Short Sleeve T-shirt Grey,Apparel,0.18
GGOEGAXR066028,Google Toddler Sports T-shirt Red,Apparel,0.18
GGOEGAPB057513,Women's Weatherblock Shell Jacket Black,Apparel,0.18
GGOEAHPB076113,Android Stretch Fit Hat,Apparel,0.18
GGOEGADB056618,Men's Weatherblock Shell Jacket Black,Apparel,0.18
GGOEGGCX056399,Gift Card - $250.00,Gift Cards,0.05
GGOEGAYH068426,Google Youth Short Sleeve T-shirt Green,Apparel,0.18
GGOEGAYR068226,Google Youth Short Sleeve Tee Red,Apparel,0.18
GGOEGAWQ062250,Google Infant Short Sleeve Tee White,Apparel,0.18
GGOEGAEJ028115,Google Women's Short Sleeve Badge Tee Grey,Apparel,0.18
GGOEGATB060616,Google Women's Convertible Vest-Jacket Black,Apparel,0.18
GGOEGAAC035016,Google Men's Bayside Graphic Tee,Apparel,0.18
GGOEGAPB057812,Women's Performance Full Zip Jacket Black,Apparel,0.18
GGOEGALP036316,Google Women's Long Sleeve Tee Lavender,Apparel,0.18
GGOEGATJ060513,Google Women's Quilted Insulated Vest White,Apparel,0.18
GGOEGADB056917,Google Men's Performance Full Zip Jacket Black,Apparel,0.18
GGOEGADJ059717,Google Men's Quilted Insulated Vest Battleship Grey,Apparel,0.18
GGOEGATJ060515,Google Women's Quilted Insulated Vest White,Apparel,0.18
GGOEGATB060213,Google Women's 1/4 Zip Performance Pullover Black,Apparel,0.18
GGOEGADB056713,Men's Softshell Jacket Black/Grey,Apparel,0.18
GGOEAAYC068726,Android Youth Short Sleeve T-shirt Aqua,Apparel,0.18
GGOEGAEC029117,Google Women's Short Sleeve Hero Tee Sky Blue,Apparel,0.18
GGOEGAYL068126,Google Youth Sports Tee Navy,Apparel,0.18
GGOEGAER029216,Google Women's Short Sleeve Badge Tee Red Heather,Apparel,0.18
GGOEAAAB081016,Android Men's Outerstellar Short Sleeve Tee Black,Apparel,0.18
GGOEAAEJ029314,Android Women's Short Sleeve Badge Tee Light Charcoal,Apparel,0.18
GGOEGAAC032115,Google Men's Short Sleeve Hero Tee Light Blue,Apparel,0.18
GGOEAAQB036113,Android Women's Fleece Hoodie,Apparel,0.18
GGOEGADB059217,Google Men's Airflow 1/4 Zip Pullover Black,Apparel,0.18
GGOEGAAC032113,Google Men's Short Sleeve Hero Tee Light Blue,Apparel,0.18
GGOEGADC059517,Google Men's Microfiber 1/4 Zip Pullover Blue/Indigo,Apparel,0.18
GGOEGADJ056818,Google Men's Watershed Full Zip Hoodie Grey,Apparel,0.18
GGOEGAYQ069024,Google Youth Short Sleeve Tee White,Apparel,0.18
GGOEGAAC032116,Google Men's Short Sleeve Hero Tee Light Blue,Apparel,0.18
GGOEGAAQ057214,Google Men's Colorblock Tee White/Heather,Apparel,0.18
GGOEGAUC057713,Google Women's Performance Golf Polo Blue,Apparel,0.18
GGOEGAAC032114,Google Men's Short Sleeve Hero Tee Light Blue,Apparel,0.18
GGOEGAYQ069056,Google Youth Short Sleeve Tee White,Apparel,0.18
GGOEYAAJ033015,YouTube Men's Skater Tee Charcoal,Apparel,0.18
GGOEGAAJ059117,Google Men's Short Sleeve Performance Badge Tee Pewter,Apparel,0.18
GGOEGAAJ073017,Google Men's Performance Hero Tee Gunmetal,Apparel,0.18
GGOEGALP036313,Google Women's Long Sleeve Tee Lavender,Apparel,0.18
GGOEYAAJ033014,YouTube Men's Long & Lean Tee Charcoal,Apparel,0.18
GGOEGAPB057516,Women's Weatherblock Shell Jacket Black,Apparel,0.18
GGOEGAEC033117,Google Men's Long Sleeve Raglan Ocean Blue,Apparel,0.18
GGOEGADB057318,Google Men's Lightweight Microfleece Jacket Black,Apparel,0.18
GGOEGAHB057418,Google Men's Performance Polo Grey/Black,Apparel,0.18
GGOEGALJ060113,Google Women's Short Sleeve Performance Tee Pewter,Apparel,0.18
GGOEAAAQ032014,Android Men's Short Sleeve Hero Tee White,Apparel,0.18
GGOEAAEC029416,Android Women's Short Sleeve Tri-blend Badge Tee Light Blue,Apparel,0.18
GGOEGAYC068356,Google Youth Short Sleeve T-shirt Royal Blue,Apparel,0.18
GGOEAAAL081113,Android Men's Pep Rally Short Sleeve Tee Navy,Apparel,0.18
GGOEAAAL081114,Android Men's Pep Rally Short Sleeve Tee Navy,Apparel,0.18
GGOEGAEL031113,Google Men's Heavyweight Long Sleeve Hero Tee Navy,Apparel,0.18
GGOEGAEL031114,Google Men's Heavyweight Long Sleeve Hero Tee Navy,Apparel,0.18
GGOEGAEL031115,Google Men's Heavyweight Long Sleeve Hero Tee Navy,Apparel,0.18
GGOEGAEL031116,Google Men's Heavyweight Long Sleeve Hero Tee Navy,Apparel,0.18
GGOEGAEL031117,Google Men's Heavyweight Long Sleeve Hero Tee Navy,Apparel,0.18
GGOEAAEB030213,Android Women's Racer Back Tank Black,Apparel,0.18
GGOEGALQ036613,Google Women's Scoop Neck Tee White,Apparel,0.18
GGOEGALH036716,Google Women's Scoop Neck Tee Green,Apparel,0.18
GGOEWALJ083417,Waze Women's Typography Short Sleeve Tee,Waze,0.18
GGOEAAYC068725,Android Youth Short Sleeve T-shirt Aqua,Apparel,0.18
GGOEGALJ072915,Google Women's Performance Hero Tee Gunmetal,Apparel,0.18
GGOEYAEB030016,YouTube Women's Racer Back Tank Black,Apparel,0.18
GGOEGAXH065328,Google Toddler Short Sleeve T-shirt Green,Apparel,0.18
GGOEGAYR068224,Google Youth Short Sleeve Tee Red,Apparel,0.18
GGOEWAEA083899,Waze Dress Socks,Waze,0.18
GGOEGATC060316,Google Women's 1/4 Zip Performance Pullover Two-Tone Blue,Apparel,0.18
GGOEAAEJ035716,Android Men's Vintage Tank,Apparel,0.18
GGOEAAXC066455,Android Toddler Short Sleeve T-shirt Aqua,Apparel,0.18
GGOEGALL060017,Google Women's Short Sleeve Performance Tee Navy,Apparel,0.18
GGOEGATB060217,Google Women's 1/4 Zip Performance Pullover Black,Apparel,0.18
GGOEGATB060615,Google Women's Convertible Vest-Jacket Black,Apparel,0.18
GGOEYAAQ031716,YouTube Men's Short Sleeve Hero Tee White,Apparel,0.18
GGOEGALQ034217,Google Women's Vintage Hero Tee White,Apparel,0.18
GGOEGATJ060514,Google Women's Quilted Insulated Vest White,Apparel,0.18
GGOEGAAC032117,Google Men's Short Sleeve Hero Tee Light Blue,Apparel,0.18
GGOEGALJ057915,Google Women's Short Sleeve Performance Tee Charcoal,Apparel,0.18
GGOEGATC060315,Google Women's 1/4 Zip Performance Pullover Two-Tone Blue,Apparel,0.18
GGOEGAXT065455,Google Toddler Short Sleeve T-shirt Yellow,Apparel,0.18
GGOEYAEA030514,YouTube Womens 3/4 Sleeve Baseball Raglan White/Black,Apparel,0.18
GGOEGAYT068525,Google Youth Short Sleeve T-shirt Yellow,Apparel,0.18
GGOEAAEH035217,Android Men's Vintage Henley,Apparel,0.18
GGOEYAEB035613,YouTube Men's Vintage Tank,Apparel,0.18
GGOEGAXC065228,Google Toddler Short Sleeve T-shirt Royal Blue,Apparel,0.18
GGOEGADC059513,Google Men's Microfiber 1/4 Zip Pullover Blue/Indigo,Apparel,0.18
GGOEGAYL068156,Google Youth Sports Tee Navy,Apparel,0.18
GGOEGAAJ032817,Google Men's Long & Lean Tee Charcoal,Apparel,0.18
GGOEGAAQ033918,Google Men's Vintage Badge Tee White,Apparel,0.18
GGOEGAER033217,Google Men's Long Sleeve Raglan Cranberry,Apparel,0.18
GGOEGAXC065630,Google Toddler Hoodie Royal Blue,Apparel,0.18
GGOEGAYH068456,Google Youth Short Sleeve T-shirt Green,Apparel,0.18
GGOENEBD084799,Nest Learning Thermostat 3rd Gen-USA - Copper,Nest-USA,0.1
GGOENEBQ084699,Nest Learning Thermostat 3rd Gen-USA - White,Nest-USA,0.1
GGOEGAAJ032815,Google Men's Long & Lean Tee Charcoal,Apparel,0.18
GGOEGAAJ032816,Google Men's Long & Lean Tee Charcoal,Apparel,0.18
GGOEGATB060214,Google Women's 1/4 Zip Performance Pullover Black,Apparel,0.18
GGOEGATB060216,Google Women's 1/4 Zip Performance Pullover Black,Apparel,0.18
GGOEAAEJ029315,Android Women's Short Sleeve Badge Tee Light Charcoal,Apparel,0.18
GGOEGAAJ057016,Google Men's Short Sleeve Performance Badge Tee Charcoal,Apparel,0.18
GGOEGALP034317,Google Women's Vintage Hero Tee Lavender,Apparel,0.18
GGOEGAPB057816,Women's Performance Full Zip Jacket Black,Apparel,0.18
GGOEGADJ059813,Google Men's Convertible Vest-Jacket Pewter,Apparel,0.18
GGOEGALB036516,Google Women's Scoop Neck Tee Black,Apparel,0.18
GGOEGALL060016,Google Women's Short Sleeve Performance Tee Navy,Apparel,0.18
GGOEGAXH065355,Google Toddler Short Sleeve T-shirt Green,Apparel,0.18
GGOEAHPB076115,Android Stretch Fit Hat,Apparel,0.18
GGOEGAAL059013,Google Men's Short Sleeve Performance Badge Tee Navy,Apparel,0.18
GGOEGAUB058312,Google Women's Performance Polo Grey/Black,Apparel,0.18
GGOEGAUB058313,Google Women's Performance Polo Grey/Black,Apparel,0.18
GGOEGAUB058314,Google Women's Performance Polo Grey/Black,Apparel,0.18
GGOEGAUB058315,Google Women's Performance Polo Grey/Black,Apparel,0.18
GGOEGAUB058316,Google Women's Performance Polo Grey/Black,Apparel,0.18
GGOEGAUB058317,Google Women's Performance Polo Grey/Black,Apparel,0.18
GGOEGAXC065230,Google Toddler Short Sleeve T-shirt Royal Blue,Apparel,0.18
GGOEGAXJ065530,Google Toddler Short Sleeve T-shirt Grey,Apparel,0.18
GGOEAAWC061649,Android Onesie Baby Blue,Apparel,0.18
GGOEAAWC061650,Android Onesie Baby Blue,Apparel,0.18
GGOEAAWC061654,Android Onesie Baby Blue,Apparel,0.18
GGOEAAWH061549,Android Onesie Sprout Green,Apparel,0.18
GGOEAAWH061554,Android Onesie Sprout Green,Apparel,0.18
GGOEGAWC061250,Google Onesie Royal Blue,Apparel,0.18
GGOEGAWC061254,Google Onesie Royal Blue,Apparel,0.18
GGOEGAAQ057215,Google Men's Colorblock Tee White/Heather,Apparel,0.18
GGOEGAPB057514,Women's Weatherblock Shell Jacket Black,Apparel,0.18
GGOEGAPB057515,Women's Weatherblock Shell Jacket Black,Apparel,0.18
GGOEGAPB057517,Women's Weatherblock Shell Jacket Black,Apparel,0.18
GGOEGALL074613,Google Women's Short Sleeve Badge Tee Navy,Apparel,0.18
GGOEAAWN062649,Android Infant Short Sleeve Tee Pink,Apparel,0.18
GGOEAAEJ033413,Android Men's Long Sleeve Badge Crew Tee Heather,Apparel,0.18
GGOEAAEJ033415,Android Men's Long Sleeve Badge Crew Tee Heather,Apparel,0.18
GGOEGAEJ028113,Google Women's Short Sleeve Badge Tee Grey,Apparel,0.18
GGOEAAAP081213,Android Men's Take Charge Short Sleeve Tee Purple,Apparel,0.18
GGOEGAEJ028013,Google Women's Short Sleeve Hero Tee Grey,Apparel,0.18
GGOEGALP034315,Google Women's Vintage Hero Tee Lavender,Apparel,0.18
GGOEGAYH067926,Google Youth Girl Tee Green,Apparel,0.18
GGOEAAEH035216,Android Men's Vintage Henley,Apparel,0.18
GGOEYAAJ033017,YouTube Men's Long & Lean Tee Charcoal,Apparel,0.18
GGOEAAWQ063053,Android Baby Esssentials Set,Apparel,0.18
GGOEGALL074614,Google Women's Short Sleeve Badge Tee Navy,Apparel,0.18
GGOEYAEJ029614,YouTube Women's Short Sleeve Tri-blend Badge Tee Grey,Apparel,0.18
GGOEGAWQ062953,Google Baby Essentials Set,Apparel,0.18
GGOEGAWQ062948,Google Baby Essentials Set,Apparel,0.18
GGOEAAEJ033414,Android Men's Long Sleeve Badge Crew Tee Heather,Apparel,0.18
GGOEGADC059313,Google Men's Airflow 1/4 Zip Pullover Lapis,Apparel,0.18
GGOEGALJ057913,Google Women's Short Sleeve Performance Tee Charcoal,Apparel,0.18
GGOEGAAJ080717,Google Men's Around The Block Short Sleeve Tee Ash,Apparel,0.18
GGOEGAYR068225,Google Youth Short Sleeve Tee Red,Apparel,0.18
GGOEGAYC068325,Google Youth Short Sleeve T-shirt Royal Blue,Apparel,0.18
GGOEAAWQ063048,Android Baby Esssentials Set,Apparel,0.18
GGOEAAWQ063049,Android Baby Esssentials Set,Apparel,0.18
GGOEYAWJ061449,YouTube Onesie Heather,Apparel,0.18
GGOEGAWQ062949,Google Baby Essentials Set,Apparel,0.18
GGOEWCKQ085457,Waze Pack of 9 Decal Set,Accessories,0.1
GGOEAAWN062650,Android Infant Short Sleeve Tee Pink,Apparel,0.18
GGOEGBRB073899,Google Laptop Tech Backpack,Backpacks,0.1
GGOEGAYT068526,Google Youth Short Sleeve T-shirt Yellow,Apparel,0.18
GGOEYAEA035116,YouTube Men's Vintage Henley,Apparel,0.18
GGOEGAWR061053,Google Onesie Red/Graphite,Apparel,0.18
GGOEWALJ083415,Waze Women's Typography Short Sleeve Tee,Waze,0.18
GGOEGAEJ030817,Google Women's Long Sleeve Blended Cardigan Charcoal,Apparel,0.18
GGOEYAEB030014,YouTube Women's Racer Back Tank Black,Apparel,0.18
GGOEAAAJ080813,Android Men's Engineer Short Sleeve Tee Charcoal,Apparel,0.18
GGOEGAEJ030813,Google Women's Long Sleeve Blended Cardigan Charcoal,Apparel,0.18
GGOEAAEJ033416,Android Men's Long Sleeve Badge Crew Tee Heather,Apparel,0.18
GGOEGALJ057914,Google Women's Short Sleeve Performance Tee Charcoal,Apparel,0.18
GGOEGATH060713,Google Women's Convertible Vest-Jacket Sea Foam Green,Apparel,0.18
GGOEAAAJ032917,Android Men's Long & Lean Badge Tee Charcoal,Apparel,0.18
GGOEGALJ034416,Google Women's Vintage Hero Tee Platinum,Apparel,0.18
GGOEYAAJ033016,YouTube Men's Long & Lean Tee Charcoal,Apparel,0.18
GGOEGARJ058415,Google Women's Yoga Pants,Apparel,0.18
GGOEGAHB057413,Google Men's Performance Polo Grey/Black,Apparel,0.18
GGOEAAAP081216,Android Men's Take Charge Short Sleeve Tee Purple,Apparel,0.18
GGOEGAEJ030814,Google Women's Long Sleeve Blended Cardigan Charcoal,Apparel,0.18
GGOEGATH060715,Google Women's Convertible Vest-Jacket Sea Foam Green,Apparel,0.18
GGOEGAEJ030816,Google Women's Long Sleeve Blended Cardigan Charcoal,Apparel,0.18
GGOEGALJ034414,Google Women's Vintage Hero Tee Platinum,Apparel,0.18
GGOEGAPC058814,Google Women's Shell Jacket Blue/Black,Apparel,0.18
GGOEGAEJ030815,Google Women's Long Sleeve Blended Cardigan Charcoal,Apparel,0.18
GGOEGALJ034415,Google Women's Vintage Hero Tee Platinum,Apparel,0.18
GGOEGAEJ028015,Google Women's Short Sleeve Hero Tee Grey,Apparel,0.18
GGOEGALB034116,Google Women's Vintage Hero Tee Black,Apparel,0.18
GGOEGALJ072913,Google Women's Performance Hero Tee Gunmetal,Apparel,0.18
GGOEGAWC061950,Google Infant Short Sleeve Tee Royal Blue,Apparel,0.18
GGOEGADJ059815,Google Men's Convertible Vest-Jacket Pewter,Apparel,0.18
GGOEGALJ073316,Google Women's Short Sleeve Hero Tee Heather,Apparel,0.18
GGOEGAPB058612,Google Women's Yoga Jacket Black,Apparel,0.18
GGOEAAEH035215,Android Men's Vintage Henley,Apparel,0.18
GGOEAHPJ004213,Android Stretch Fit Hat S/M,Headgear,0.05
GGOEGALJ034417,Google Women's Vintage Hero Tee Platinum,Apparel,0.18
GGOEAAAH083313,Android Men's Paradise Short Sleeve Tee Olive,Android,0.1
GGOEGAWC061948,Google Infant Short Sleeve Tee Royal Blue,Apparel,0.18
GGOEAAEJ030917,Android Women's Long Sleeve Blended Cardigan Grey,Apparel,0.18
GGOEGALJ072914,Google Women's Performance Hero Tee Gunmetal,Apparel,0.18
GGOEWALJ083413,Waze Women's Typography Short Sleeve Tee,Waze,0.18
GGOEGALJ073315,Google Women's Short Sleeve Hero Tee Heather,Apparel,0.18
GGOEGAXR065129,Google Toddler Short Sleeve Tee Red,Apparel,0.18
GGOEGALJ072917,Google Women's Performance Hero Tee Gunmetal,Apparel,0.18
GGOEGAXR066055,Google Toddler Sports T-shirt Red,Apparel,0.18
GGOEGATB060613,Google Women's Convertible Vest-Jacket Black,Apparel,0.18
GGOEWAAJ082813,Waze Men's Short Sleeve Tee,Waze,0.18
GGOEYAEJ029017,YouTube Women's Short Sleeve Hero Tee Charcoal,Apparel,0.18
GGOEGALJ073313,Google Women's Short Sleeve Hero Tee Heather,Apparel,0.18
GGOEGALQ058116,Google Women's Colorblock Tee White,Apparel,0.18
GGOEYAEB035617,YouTube Men's Vintage Tank,Apparel,0.18
GGOEGAAC035013,Google Men's Bayside Graphic Tee,Apparel,0.18
GGOEGAPJ058015,Google Women's 1/4 Zip Jacket Charcoal,Apparel,0.18
GGOEGAAJ057013,Google Men's Short Sleeve Performance Badge Tee Charcoal,Apparel,0.18
GGOEYAEJ029016,YouTube Women's Short Sleeve Hero Tee Charcoal,Apparel,0.18
GGOEWAAJ083516,Waze Men's Typography Short Sleeve Tee,Waze,0.18
GGOEGADJ059718,Google Men's Quilted Insulated Vest Battleship Grey,Apparel,0.18
GGOEGALJ072916,Google Women's Performance Hero Tee Gunmetal,Apparel,0.18
GGOEGAEJ028917,Google Women's Short Sleeve Hero Dark Grey,Apparel,0.18
GGOEGAWR061150,Google Onesie Red,Apparel,0.18
GGOEGALJ060114,Google Women's Short Sleeve Performance Tee Pewter,Apparel,0.18
GGOEGAUC057717,Google Women's Performance Golf Polo Blue,Apparel,0.18
GGOEGATB060617,Google Women's Convertible Vest-Jacket Black,Apparel,0.18
GGOEGAWR061154,Google Onesie Red,Apparel,0.18
GGOEGADJ057113,Google Men's Performance 1/4 Zip Pullover Heather/Black,Apparel,0.18
GGOEAAQB036116,Android Women's Fleece Hoodie,Apparel,0.18
GGOEGAPC058812,Google Women's Shell Jacket Blue/Black,Apparel,0.18
GGOEAAAH083317,Android Men's Paradise Short Sleeve Tee Olive,Android,0.1
GGOEAAWT061754,Android Onesie Gold,Apparel,0.18
GGOEGADC059317,Google Men's Airflow 1/4 Zip Pullover Lapis,Apparel,0.18
GGOEGATH060716,Google Women's Convertible Vest-Jacket Sea Foam Green,Apparel,0.18
GGOEGAPJ058012,Google Women's 1/4 Zip Jacket Charcoal,Apparel,0.18
GGOEGALJ060116,Google Women's Short Sleeve Performance Tee Pewter,Apparel,0.18
GGOEYAEJ029516,YouTube Women's Short Sleeve Tri-blend Badge Tee Charcoal,Apparel,0.18
GGOEGAWC061949,Google Infant Short Sleeve Tee Royal Blue,Apparel,0.18
GGOEGAWR061848,Google Infant Short Sleeve Tee Red,Apparel,0.18
GGOEYAEJ029616,YouTube Women's Short Sleeve Tri-blend Badge Tee Grey,Apparel,0.18
GGOEGAAJ057018,Google Men's Short Sleeve Performance Badge Tee Charcoal,Apparel,0.18
GGOEGAEJ028116,Google Women's Short Sleeve Badge Tee Grey,Apparel,0.18
GGOEGAAQ057213,Google Men's Colorblock Tee White/Heather,Apparel,0.18
GGOEGALJ057912,Google Women's Short Sleeve Performance Tee Charcoal,Apparel,0.18
GGOEGAPB058616,Google Women's Yoga Jacket Black,Apparel,0.18
GGOEGAXR066029,Google Toddler Sports T-shirt Red,Apparel,0.18
GGOEGADB059618,Google Men's Quilted Insulated Vest Black,Apparel,0.18
GGOENEBQ086499,Nest Cam IQ - USA,Nest,0.05
GGOEYAEJ029517,YouTube Women's Short Sleeve Tri-blend Badge Tee Charcoal,Apparel,0.18
GGOEAAEJ035717,Android Men's Vintage Tank,Apparel,0.18
GGOEGAUC057715,Google Women's Performance Golf Polo Blue,Apparel,0.18
GGOEGAUC057716,Google Women's Performance Golf Polo Blue,Apparel,0.18
GGOEGAAX0100,Gift Card - $10.00,Gift Cards,0.05
GGOEGAPJ058017,Google Women's 1/4 Zip Jacket Charcoal,Apparel,0.18
GGOEGADJ057117,Google Men's Performance 1/4 Zip Pullover Heather/Black,Apparel,0.18
GGOEWAAJ083517,Waze Men's Typography Short Sleeve Tee,Waze,0.18
GGOEGATH060717,Google Women's Convertible Vest-Jacket Sea Foam Green,Apparel,0.18
GGOEGALJ057916,Google Women's Short Sleeve Performance Tee Charcoal,Apparel,0.18
GGOEGADJ057118,Google Men's Performance 1/4 Zip Pullover Heather/Black,Apparel,0.18
GGOEGALJ060117,Google Women's Short Sleeve Performance Tee Pewter,Apparel,0.18
GGOEGCKQ084999,Emoji Sticker Sheet,Accessories,0.1
GGOENEBQ092299,Nest Secure Alarm System Starter Pack - USA,Nest,0.05
GGOENEBQ092399,Nest Cam IQ Outdoor - USA (Preorder),Nest,0.05
GGOEGAPB057613,Google Women's Softshell Jacket Black/Grey,Apparel,0.18
GGOENEBQ086799,Nest Thermostat E - USA,Nest,0.05
GGOEGATB060418,Google Women's Quilted Insulated Vest Black,Apparel,0.18
GGOEGAEE031014,Google Men's Heavyweight Long Sleeve Hero Tee Burgundy,Apparel,0.18
GGOEGALJ057917,Google Women's Short Sleeve Performance Tee Charcoal,Apparel,0.18
GGOEGATC060317,Google Women's 1/4 Zip Performance Pullover Two-Tone Blue,Apparel,0.18
GGOEGOCC017699,Compact Journal with Recycled Pages,Office,0.1
GGOENEBQ086899,Nest  Thermostat E - CA,Nest,0.05
GGOEGAEE031013,Google Men's Heavyweight Long Sleeve Hero Tee Burgundy,Apparel,0.18
GGOEGADB056718,Men's Softshell Jacket Black/Grey,Apparel,0.18
GGOEGOCL087799,Google Large Standard Journal Navy,Office,0.1
GGOEAFKA087499,Android Small Removable Sticker Sheet,Accessories,0.1
GGOEGAPB057615,Google Women's Softshell Jacket Black/Grey,Apparel,0.18
GGOEAFKA087599,Android Large Removable Sticker Sheet,Accessories,0.1
GGOEGATJ060517,Google Women's Quilted Insulated Vest White,Apparel,0.18
GGOEGAPB057616,Google Women's Softshell Jacket Black/Grey,Apparel,0.18
GGOENEBQ086599,Nest Cam IQ - CA,Nest,0.05
GGOEGDHJ087399,Google Rolltop Backpack Blue,Bags,0.18
GGOEGAPB087899,Google Snapback Black Cap,Headgear,0.05
GGOEGAPL087999,Google Snapback Navy Cap,Headgear,0.05
GGOEWALJ083414,Waze Women's Typography Short Sleeve Tee,Waze,0.18
GGOEGALL074617,Google Women's Short Sleeve Badge Tee Navy,Apparel,0.18
GGOEGFKA086699,Google Emoji Sticker Pack,Accessories,0.1
GGOEYAWQ089748,YouTube Kids Onesie White,Apparel,0.18
GGOEYAWQ089753,YouTube Kids Onesie White,Apparel,0.18
GGOEGAXB089228,Google Trike Tee Black,Apparel,0.18
GGOEYAWQ089749,YouTube Kids Onesie White,Apparel,0.18
GGOEGAEC090712,Google Tee Blue,Apparel,0.18
GGOEGAEC090714,Google Tee Blue,Apparel,0.18
GGOEGAEC090716,Google Tee Blue,Apparel,0.18
GGOEGAXB089230,Google Trike Tee Black,Apparel,0.18
GGOEGAEC090718,Google Tee Blue,Apparel,0.18
GGOEGAEC090715,Google Tee Blue,Apparel,0.18
GGOEGAXB089229,Google Trike Tee Black,Apparel,0.18
GGOEGAEL091318,Google Crew Sweater Navy,Apparel,0.18
GGOEGAEL091312,Google Crewneck Sweatshirt Navy,Apparel,0.18
GGOEGAEL091314,Google Crew Sweater Navy,Apparel,0.18
GGOEYALQ091915,YouTube Women's Favorite Tee White,Apparel,0.18
GGOEGAEL091316,Google Crewneck Sweatshirt Navy,Apparel,0.18
GGOEGAXL089429,Google Protector Tee Navy,Apparel,0.18
GGOEGAXL089428,Google Protector Tee Navy,Apparel,0.18
GGOEGAEL091315,Google Crew Sweater Navy,Apparel,0.18
GGOEGAEL091317,Google Crew Sweater Navy,Apparel,0.18
GGOEGAEC090713,Google Tee Blue,Apparel,0.18
GGOEGAEL091313,Google Crew Sweater Navy,Apparel,0.18
GGOEYAXQ089529,YouTube Kids Tee White,Apparel,0.18
GGOEGAEC090717,Google Tee Blue,Apparel,0.18
GGOEGAXP089329,Google Flower Tee Purple,Apparel,0.18
GGOEGAXP089328,Google Flower Tee Purple,Apparel,0.18
GGOEYAXQ089555,YouTube Kids Tee White,Apparel,0.18
GGOEGAEQ027917,Google Women's Short Sleeve Hero Tee White,Apparel,0.18
GGOEGAXB089255,Google Trike Tee Black,Apparel,0.18
GGOEAAEQ091615,Android Matrix Tee White,Apparel,0.18
GGOEAAEQ091613,Android Matrix Tee White,Apparel,0.18
GGOEGAEH090616,Google Tee Green,Apparel,0.18
GGOEGALJ091013,Google Women's Tee Grey,Apparel,0.18
GGOEGALJ091014,Google Women's Tee Grey,Apparel,0.18
GGOEYAEB091815,YouTube Tee Black,Apparel,0.18
GGOEYAEB091816,YouTube Tee Black,Apparel,0.18
GGOEYAEB091814,YouTube Tee Black,Apparel,0.18
GGOEYALQ091913,YouTube Women's Favorite Tee White,Apparel,0.18
GGOEAALB091514,Android Women's Peace Tee Black,Apparel,0.18
GGOEAALJ091414,Android Women's Dash Tee Grey,Apparel,0.18
GGOEGAEH090614,Google Tee Green,Apparel,0.18
GGOEYAEJ092114,YouTube 3 lines Tee Grey,Apparel,0.18
GGOEAAEQ091614,Android Matrix Tee White,Apparel,0.18
GGOEYAEJ092113,YouTube 3 lines Tee Grey,Apparel,0.18
GGOEYAEJ092115,YouTube 3 lines Tee Grey,Apparel,0.18
GGOEGAEH090615,Google Tee Green,Apparel,0.18
GGOEYAEB091812,YouTube Tee Black,Apparel,0.18
GGOEGAEH090617,Google Tee Green,Apparel,0.18
GGOEYAEB091813,YouTube Tee Black,Apparel,0.18
GGOEGAXP089355,Google Flower Tee Purple,Apparel,0.18
GGOEGAXL089430,Google Protector Tee Navy,Apparel,0.18
GGOEAALJ091413,Android Women's Dash Tee Grey,Apparel,0.18
GGOEGAXL089455,Google Protector Tee Navy,Apparel,0.18
GGOEGAEH090613,Google Tee Green,Apparel,0.18
GGOEGALJ091016,Google Women's Tee Grey,Apparel,0.18
GGOEYAEJ092116,YouTube 3 lines Tee Grey,Apparel,0.18
GGOEAAEQ091617,Android Matrix Tee White,Apparel,0.18
GGOEAAEQ091618,Android Matrix Tee White,Apparel,0.18
GGOEGAEH090618,Google Tee Green,Apparel,0.18
GGOEYAEJ092117,YouTube 3 lines Tee Grey,Apparel,0.18
GGOEYAEB091817,YouTube Tee Black,Apparel,0.18
GGOEYAWQ089750,YouTube Kids Onesie White,Apparel,0.18
GGOEAAEQ091612,Android Matrix Tee White,Apparel,0.18
GGOEGALJ091015,Google Women's Tee Grey,Apparel,0.18
GGOEGAER090414,Google Tee Red,Apparel,0.18
GGOEAAEQ091616,Android Matrix Tee White,Apparel,0.18
GGOEAAEB091713,Android Tone Hoodie Black,Apparel,0.18
GGOEGGCX092599,Gift Card - $10.00,Gift Cards,0.05
GGOEGAEH090612,Google Tee Green,Apparel,0.18
GGOEAAEB091715,Android Tone Hoodie Black,Apparel,0.18
GGOEAAEB091716,Android Tone Hoodie Black,Apparel,0.18
GGOEGAEB090917,Google Braille Tee Black,Apparel,0.18
GGOEAAEB091714,Android Tone Hoodie Black,Apparel,0.18
GGOENEBQ093499,Nest Detect - USA,Nest,0.05
GGOEAALB091513,Android Women's Peace Tee Black,Apparel,0.18
GGOENEBQ093599,Nest Tag - USA,Nest,0.05
GGOEGDHH087299,Google Thermal Bottle Green,Drinkware,0.18
GGOEAAEB091717,Android Tone Hoodie Black,Apparel,0.18
GGOEGAET090513,Google Tee Yellow,Apparel,0.18
GGOEYAXQ089528,YouTube Kids Tee White,Apparel,0.18
GGOEYOCB092699,YouTube Transmission Journal Black,Notebooks & Journals,0.05
GGOEYALQ091914,YouTube Women's Favorite Tee White,Apparel,0.18
GGOEGAXP089330,Google Flower Tee Purple,Apparel,0.18
GGOEGDHR086999,Google Thermal Bottle Red,Drinkware,0.18
GGOEGDHT087199,Google Thermal Bottle Yellow,Drinkware,0.18
GGOEGDHC087099,Google Thermal Bottle Blue,Drinkware,0.18
GGOEYAXB089629,YouTube Kids Tee Black,Apparel,0.18
GGOEYAXB089655,YouTube Kids Tee Black,Apparel,0.18
GGOEAALB091515,Android Women's Peace Tee Black,Apparel,0.18
GGOEGAEB090913,Google Braille Tee Black,Apparel,0.18
GGOEGAEB090914,Google Braille Tee Black,Apparel,0.18
GGOEGAEB090915,Google Braille Tee Black,Apparel,0.18
GGOEGAEB090916,Google Braille Tee Black,Apparel,0.18
GGOEYAXB089630,YouTube Kids Tee Black,Apparel,0.18
GGOEGAET090515,Google Tee Yellow,Apparel,0.18
GGOEGAET090514,Google Tee Yellow,Apparel,0.18
GGOEGAEB090912,Google Braille Tee Black,Apparel,0.18
GGOEGAET090516,Google Tee Yellow,Apparel,0.18
GGOEYAEB091818,YouTube Tee Black,Apparel,0.18
GGOEGALL093216,Google Women's Coder Tee Navy,Apparel,0.18
GGOEGAET090512,Google Tee Yellow,Apparel,0.18
GGOEAAEB091712,Android Tone Hoodie Black,Apparel,0.18
GGOEAAEB091718,Android Tone Hoodie Black,Apparel,0.18
GGOEGAET090517,Google Tee Yellow,Apparel,0.18
GGOEGAWH062050,Google Infant Short Sleeve Tee Green,Apparel,0.18
GGOEGAEB091114,Google Zip Hoodie Black,Apparel,0.18
GGOEGAEB091115,Google Zip Hoodie Black,Apparel,0.18
GGOEYAEJ092118,YouTube 3 lines Tee Grey,Apparel,0.18
GGOEGAEB091116,Google Zip Hoodie Black,Apparel,0.18
GGOEGALL093214,Google Women's Coder Tee Navy,Apparel,0.18
GGOEGAEB091113,Google Zip Hoodie Black,Apparel,0.18
GGOEGAEB091117,Google Zip Hoodie Black,Apparel,0.18
GGOEGAWH062048,Google Infant Short Sleeve Tee Green,Apparel,0.18
GGOEGAWH062049,Google Infant Short Sleeve Tee Green,Apparel,0.18
GGOEGAEB091118,Google Zip Hoodie Black,Apparel,0.18
GGOEGAEB091112,Google Zip Hoodie Black,Apparel,0.18
GGOEGDHQ086199,Google White Force 17 oz Bottle,Drinkware,0.18
GGOEGDWQ087699,Google Hub Mug White,Drinkware,0.18
GGOEGOCJ093999,Google Large Standard Journal Grey,Office,0.1
